reference_date,horizon,scope,predicted_incidents,actual_incidents,lower_bound,upper_bound,model,model_version
2025-09-01,D+1,ALL,52,853.0,387,621,ultimo,volume_v3.2_2026-08-21
2025-09-02,D+1,ALL,853,878.0,387,621,ultimo,volume_v3.2_2026-08-21
2025-09-03,D+1,ALL,878,1026.0,387,621,ultimo,volume_v3.2_2026-08-21
2025-09-04,D+1,ALL,1026,1115.0,387,621,ultimo,volume_v3.2_2026-08-21
2025-09-05,D+1,ALL,1115,964.0,387,621,ultimo,volume_v3.2_2026-08-21
2025-09-06,D+1,ALL,964,390.0,387,621,ultimo,volume_v3.2_2026-08-21
2025-09-07,D+1,ALL,390,350.0,387,621,ultimo,volume_v3.2_2026-08-21
2025-09-08,D+1,ALL,350,472.0,387,621,ultimo,volume_v3.2_2026-08-21
2025-09-09,D+1,ALL,472,571.0,387,621,ultimo,volume_v3.2_2026-08-21
2025-09-10,D+1,ALL,571,612.0,387,621,ultimo,volume_v3.2_2026-08-21
2025-09-11,D+1,ALL,612,481.0,387,621,ultimo,volume_v3.2_2026-08-21
2025-09-12,D+1,ALL,481,568.0,387,621,ultimo,volume_v3.2_2026-08-21
2025-09-13,D+1,ALL,568,552.0,387,621,ultimo,volume_v3.2_2026-08-21
2025-09-14,D+1,ALL,552,456.0,387,621,ultimo,volume_v3.2_2026-08-21
2025-09-15,D+1,ALL,456,596.0,387,621,ultimo,volume_v3.2_2026-08-21
2025-09-16,D+1,ALL,596,575.0,387,621,ultimo,volume_v3.2_2026-08-21
2025-09-17,D+1,ALL,575,550.0,387,621,ultimo,volume_v3.2_2026-08-21
2025-09-18,D+1,ALL,550,577.0,387,621,ultimo,volume_v3.2_2026-08-21
2025-09-19,D+1,ALL,577,600.0,387,621,ultimo,volume_v3.2_2026-08-21
2025-09-20,D+1,ALL,600,644.0,387,621,ultimo,volume_v3.2_2026-08-21
2025-09-21,D+1,ALL,644,628.0,387,621,ultimo,volume_v3.2_2026-08-21
2025-09-22,D+1,ALL,628,765.0,387,621,ultimo,volume_v3.2_2026-08-21
2025-09-23,D+1,ALL,765,695.0,387,621,ultimo,volume_v3.2_2026-08-21
2025-09-24,D+1,ALL,695,520.0,387,621,ultimo,volume_v3.2_2026-08-21
2025-09-25,D+1,ALL,520,588.0,387,621,ultimo,volume_v3.2_2026-08-21
2025-09-26,D+1,ALL,588,634.0,387,621,ultimo,volume_v3.2_2026-08-21
2025-09-27,D+1,ALL,634,539.0,387,621,ultimo,volume_v3.2_2026-08-21
2025-09-28,D+1,ALL,539,493.0,387,621,ultimo,volume_v3.2_2026-08-21
2025-09-29,D+1,ALL,493,637.0,387,621,ultimo,volume_v3.2_2026-08-21
2025-09-30,D+1,ALL,637,730.0,512,801,ultimo,volume_v3.2_2026-08-21
2025-10-01,D+1,ALL,730,703.0,600,906,ultimo,volume_v3.2_2026-08-21
2025-10-02,D+1,ALL,703,836.0,579,875,ultimo,volume_v3.2_2026-08-21
2025-10-03,D+1,ALL,836,977.0,705,1023,ultimo,volume_v3.2_2026-08-21
2025-10-04,D+1,ALL,977,697.0,838,1173,ultimo,volume_v3.2_2026-08-21
2025-10-05,D+1,ALL,697,545.0,554,868,ultimo,volume_v3.2_2026-08-21
2025-10-06,D+1,ALL,545,712.0,402,697,ultimo,volume_v3.2_2026-08-21
2025-10-07,D+1,ALL,712,838.0,541,887,ultimo,volume_v3.2_2026-08-21
2025-10-08,D+1,ALL,838,945.0,656,1027,ultimo,volume_v3.2_2026-08-21
2025-10-09,D+1,ALL,945,999.0,757,1146,ultimo,volume_v3.2_2026-08-21
2025-10-10,D+1,ALL,999,863.0,811,1205,ultimo,volume_v3.2_2026-08-21
2025-10-11,D+1,ALL,863,534.0,693,1055,ultimo,volume_v3.2_2026-08-21
2025-10-12,D+1,ALL,534,490.0,357,685,ultimo,volume_v3.2_2026-08-21
2025-10-13,D+1,ALL,490,573.0,330,635,ultimo,volume_v3.2_2026-08-21
2025-10-14,D+1,ALL,573,695.0,411,729,ultimo,volume_v3.2_2026-08-21
2025-10-15,D+1,ALL,695,614.0,523,867,ultimo,volume_v3.2_2026-08-21
2025-10-16,D+1,ALL,614,581.0,457,775,ultimo,volume_v3.2_2026-08-21
2025-10-17,D+1,ALL,581,504.0,433,738,ultimo,volume_v3.2_2026-08-21
2025-10-18,D+1,ALL,504,582.0,370,650,ultimo,volume_v3.2_2026-08-21
2025-10-19,D+1,ALL,582,508.0,443,738,ultimo,volume_v3.2_2026-08-21
2025-10-20,D+1,ALL,508,555.0,381,649,ultimo,volume_v3.2_2026-08-21
2025-10-21,D+1,ALL,555,670.0,424,697,ultimo,volume_v3.2_2026-08-21
2025-10-22,D+1,ALL,670,710.0,529,819,ultimo,volume_v3.2_2026-08-21
2025-10-23,D+1,ALL,710,661.0,568,857,ultimo,volume_v3.2_2026-08-21
2025-10-24,D+1,ALL,661,827.0,529,800,ultimo,volume_v3.2_2026-08-21
2025-10-25,D+1,ALL,827,590.0,670,1013,ultimo,volume_v3.2_2026-08-21
2025-10-26,D+1,ALL,590,516.0,431,747,ultimo,volume_v3.2_2026-08-21
2025-10-27,D+1,ALL,516,558.0,372,663,ultimo,volume_v3.2_2026-08-21
2025-10-28,D+1,ALL,558,638.0,414,711,ultimo,volume_v3.2_2026-08-21
2025-10-29,D+1,ALL,638,592.0,489,801,ultimo,volume_v3.2_2026-08-21
2025-10-30,D+1,ALL,592,602.0,453,747,ultimo,volume_v3.2_2026-08-21
2025-10-31,D+1,ALL,602,672.0,465,751,ultimo,volume_v3.2_2026-08-21
2025-11-01,D+1,ALL,672,548.0,529,808,ultimo,volume_v3.2_2026-08-21
2025-11-02,D+1,ALL,548,536.0,421,670,ultimo,volume_v3.2_2026-08-21
2025-11-03,D+1,ALL,536,524.0,412,655,ultimo,volume_v3.2_2026-08-21
2025-11-04,D+1,ALL,524,517.0,404,641,ultimo,volume_v3.2_2026-08-21
2025-11-05,D+1,ALL,517,624.0,400,632,ultimo,volume_v3.2_2026-08-21
2025-11-06,D+1,ALL,624,468.0,510,750,ultimo,volume_v3.2_2026-08-21
2025-11-07,D+1,ALL,468,539.0,351,580,ultimo,volume_v3.2_2026-08-21
2025-11-08,D+1,ALL,539,519.0,415,656,ultimo,volume_v3.2_2026-08-21
2025-11-09,D+1,ALL,519,495.0,399,633,ultimo,volume_v3.2_2026-08-21
2025-11-10,D+1,ALL,495,629.0,380,606,ultimo,volume_v3.2_2026-08-21
2025-11-11,D+1,ALL,629,606.0,498,761,ultimo,volume_v3.2_2026-08-21
2025-11-12,D+1,ALL,606,530.0,482,734,ultimo,volume_v3.2_2026-08-21
2025-11-13,D+1,ALL,530,563.0,418,648,ultimo,volume_v3.2_2026-08-21
2025-11-14,D+1,ALL,563,536.0,450,684,ultimo,volume_v3.2_2026-08-21
2025-11-15,D+1,ALL,536,527.0,428,651,ultimo,volume_v3.2_2026-08-21
2025-11-16,D+1,ALL,527,526.0,422,641,ultimo,volume_v3.2_2026-08-21
2025-11-17,D+1,ALL,526,605.0,423,639,ultimo,volume_v3.2_2026-08-21
2025-11-18,D+1,ALL,605,733.0,497,726,ultimo,volume_v3.2_2026-08-21
2025-11-19,D+1,ALL,733,679.0,604,871,ultimo,volume_v3.2_2026-08-21
2025-11-20,D+1,ALL,679,579.0,558,811,ultimo,volume_v3.2_2026-08-21
2025-11-21,D+1,ALL,579,682.0,469,701,ultimo,volume_v3.2_2026-08-21
2025-11-22,D+1,ALL,682,727.0,565,811,ultimo,volume_v3.2_2026-08-21
2025-11-23,D+1,ALL,727,799.0,608,859,ultimo,volume_v3.2_2026-08-21
2025-11-24,D+1,ALL,799,819.0,690,937,ultimo,volume_v3.2_2026-08-21
2025-11-25,D+1,ALL,819,715.0,709,959,ultimo,volume_v3.2_2026-08-21
2025-11-26,D+1,ALL,715,769.0,613,845,ultimo,volume_v3.2_2026-08-21
2025-11-27,D+1,ALL,769,718.0,665,904,ultimo,volume_v3.2_2026-08-21
2025-11-28,D+1,ALL,718,768.0,619,849,ultimo,volume_v3.2_2026-08-21
2025-11-29,D+1,ALL,768,705.0,666,900,ultimo,volume_v3.2_2026-08-21
2025-11-30,D+1,ALL,705,727.0,609,830,ultimo,volume_v3.2_2026-08-21
2025-12-01,D+1,ALL,727,800.0,631,854,ultimo,volume_v3.2_2026-08-21
2025-12-02,D+1,ALL,800,758.0,702,929,ultimo,volume_v3.2_2026-08-21
2025-12-03,D+1,ALL,758,692.0,665,868,ultimo,volume_v3.2_2026-08-21
2025-12-04,D+1,ALL,692,718.0,610,794,ultimo,volume_v3.2_2026-08-21
2025-12-05,D+1,ALL,718,808.0,636,820,ultimo,volume_v3.2_2026-08-21
2025-12-06,D+1,ALL,808,697.0,721,913,ultimo,volume_v3.2_2026-08-21
2025-12-07,D+1,ALL,697,677.0,614,792,ultimo,volume_v3.2_2026-08-21
2025-12-08,D+1,ALL,677,732.0,595,767,ultimo,volume_v3.2_2026-08-21
2025-12-09,D+1,ALL,732,830.0,648,825,ultimo,volume_v3.2_2026-08-21
2025-12-10,D+1,ALL,830,724.0,741,934,ultimo,volume_v3.2_2026-08-21
2025-12-11,D+1,ALL,724,687.0,639,824,ultimo,volume_v3.2_2026-08-21
2025-12-12,D+1,ALL,687,670.0,605,784,ultimo,volume_v3.2_2026-08-21
2025-12-13,D+1,ALL,670,670.0,589,761,ultimo,volume_v3.2_2026-08-21
2025-12-14,D+1,ALL,670,640.0,590,759,ultimo,volume_v3.2_2026-08-21
2025-12-15,D+1,ALL,640,707.0,562,727,ultimo,volume_v3.2_2026-08-21
2025-12-16,D+1,ALL,707,1029.0,625,798,ultimo,volume_v3.2_2026-08-21
2025-12-17,D+1,ALL,1029,987.0,930,1143,ultimo,volume_v3.2_2026-08-21
2025-12-18,D+1,ALL,987,933.0,890,1097,ultimo,volume_v3.2_2026-08-21
2025-12-19,D+1,ALL,933,819.0,840,1039,ultimo,volume_v3.2_2026-08-21
2025-12-20,D+1,ALL,819,901.0,717,922,ultimo,volume_v3.2_2026-08-21
2025-12-21,D+1,ALL,901,956.0,797,1004,ultimo,volume_v3.2_2026-08-21
2025-12-22,D+1,ALL,956,1202.0,852,1062,ultimo,volume_v3.2_2026-08-21
2025-12-23,D+1,ALL,1202,1060.0,1076,1332,ultimo,volume_v3.2_2026-08-21
2025-12-24,D+1,ALL,1060,808.0,939,1177,ultimo,volume_v3.2_2026-08-21
2025-12-25,D+1,ALL,808,687.0,700,923,ultimo,volume_v3.2_2026-08-21
2025-12-26,D+1,ALL,687,860.0,583,803,ultimo,volume_v3.2_2026-08-21
2025-12-27,D+1,ALL,860,918.0,740,1014,ultimo,volume_v3.2_2026-08-21
2025-12-28,D+1,ALL,918,787.0,795,1074,ultimo,volume_v3.2_2026-08-21
2025-12-29,D+1,ALL,787,901.0,666,946,ultimo,volume_v3.2_2026-08-21
2025-12-30,D+1,ALL,901,859.0,772,1067,ultimo,volume_v3.2_2026-08-21
2025-12-31,D+1,ALL,859,752.0,734,1017,ultimo,volume_v3.2_2026-08-21
2026-01-01,D+1,ALL,752,,635,900,ultimo,volume_v3.2_2026-08-21
2025-09-01,D+7,ALL,113,853.0,497,1618,gbr,volume_v3.2_2026-08-21
2025-09-02,D+7,ALL,145,878.0,497,1618,gbr,volume_v3.2_2026-08-21
2025-09-03,D+7,ALL,263,1026.0,497,1618,gbr,volume_v3.2_2026-08-21
2025-09-04,D+7,ALL,791,1115.0,497,1618,gbr,volume_v3.2_2026-08-21
2025-09-05,D+7,ALL,276,964.0,497,1618,gbr,volume_v3.2_2026-08-21
2025-09-06,D+7,ALL,443,390.0,497,1618,gbr,volume_v3.2_2026-08-21
2025-09-07,D+7,ALL,252,350.0,497,1618,gbr,volume_v3.2_2026-08-21
2025-09-08,D+7,ALL,367,472.0,497,1618,gbr,volume_v3.2_2026-08-21
2025-09-09,D+7,ALL,424,571.0,497,1618,gbr,volume_v3.2_2026-08-21
2025-09-10,D+7,ALL,518,612.0,497,1618,gbr,volume_v3.2_2026-08-21
2025-09-11,D+7,ALL,577,481.0,497,1618,gbr,volume_v3.2_2026-08-21
2025-09-12,D+7,ALL,512,568.0,497,1618,gbr,volume_v3.2_2026-08-21
2025-09-13,D+7,ALL,506,552.0,497,1618,gbr,volume_v3.2_2026-08-21
2025-09-14,D+7,ALL,462,456.0,497,1618,gbr,volume_v3.2_2026-08-21
2025-09-15,D+7,ALL,504,596.0,497,1618,gbr,volume_v3.2_2026-08-21
2025-09-16,D+7,ALL,563,575.0,497,1618,gbr,volume_v3.2_2026-08-21
2025-09-17,D+7,ALL,594,550.0,497,1618,gbr,volume_v3.2_2026-08-21
2025-09-18,D+7,ALL,556,577.0,497,1618,gbr,volume_v3.2_2026-08-21
2025-09-19,D+7,ALL,561,600.0,497,1618,gbr,volume_v3.2_2026-08-21
2025-09-20,D+7,ALL,571,644.0,497,1618,gbr,volume_v3.2_2026-08-21
2025-09-21,D+7,ALL,569,628.0,497,1618,gbr,volume_v3.2_2026-08-21
2025-09-22,D+7,ALL,571,765.0,497,1618,gbr,volume_v3.2_2026-08-21
2025-09-23,D+7,ALL,600,695.0,497,1618,gbr,volume_v3.2_2026-08-21
2025-09-24,D+7,ALL,721,520.0,497,1618,gbr,volume_v3.2_2026-08-21
2025-09-25,D+7,ALL,563,588.0,497,1618,gbr,volume_v3.2_2026-08-21
2025-09-26,D+7,ALL,573,634.0,497,1618,gbr,volume_v3.2_2026-08-21
2025-09-27,D+7,ALL,618,539.0,497,1618,gbr,volume_v3.2_2026-08-21
2025-09-28,D+7,ALL,603,493.0,497,1618,gbr,volume_v3.2_2026-08-21
2025-09-29,D+7,ALL,580,637.0,497,1618,gbr,volume_v3.2_2026-08-21
2025-09-30,D+7,ALL,591,730.0,511,1614,gbr,volume_v3.2_2026-08-21
2025-10-01,D+7,ALL,566,703.0,491,1499,gbr,volume_v3.2_2026-08-21
2025-10-02,D+7,ALL,613,836.0,539,1439,gbr,volume_v3.2_2026-08-21
2025-10-03,D+7,ALL,647,977.0,574,1342,gbr,volume_v3.2_2026-08-21
2025-10-04,D+7,ALL,663,697.0,592,1231,gbr,volume_v3.2_2026-08-21
2025-10-05,D+7,ALL,607,545.0,543,1000,gbr,volume_v3.2_2026-08-21
2025-10-06,D+7,ALL,761,712.0,692,1114,gbr,volume_v3.2_2026-08-21
2025-10-07,D+7,ALL,726,838.0,658,1062,gbr,volume_v3.2_2026-08-21
2025-10-08,D+7,ALL,597,945.0,536,894,gbr,volume_v3.2_2026-08-21
2025-10-09,D+7,ALL,629,999.0,566,977,gbr,volume_v3.2_2026-08-21
2025-10-10,D+7,ALL,744,863.0,674,1210,gbr,volume_v3.2_2026-08-21
2025-10-11,D+7,ALL,725,534.0,657,1121,gbr,volume_v3.2_2026-08-21
2025-10-12,D+7,ALL,577,490.0,495,1085,gbr,volume_v3.2_2026-08-21
2025-10-13,D+7,ALL,661,573.0,562,1478,gbr,volume_v3.2_2026-08-21
2025-10-14,D+7,ALL,626,695.0,532,1282,gbr,volume_v3.2_2026-08-21
2025-10-15,D+7,ALL,664,614.0,569,1193,gbr,volume_v3.2_2026-08-21
2025-10-16,D+7,ALL,654,581.0,562,1032,gbr,volume_v3.2_2026-08-21
2025-10-17,D+7,ALL,676,504.0,583,1056,gbr,volume_v3.2_2026-08-21
2025-10-18,D+7,ALL,577,582.0,478,1077,gbr,volume_v3.2_2026-08-21
2025-10-19,D+7,ALL,508,508.0,418,843,gbr,volume_v3.2_2026-08-21
2025-10-20,D+7,ALL,589,555.0,495,945,gbr,volume_v3.2_2026-08-21
2025-10-21,D+7,ALL,598,670.0,505,953,gbr,volume_v3.2_2026-08-21
2025-10-22,D+7,ALL,622,710.0,529,981,gbr,volume_v3.2_2026-08-21
2025-10-23,D+7,ALL,671,661.0,577,1040,gbr,volume_v3.2_2026-08-21
2025-10-24,D+7,ALL,740,827.0,643,1120,gbr,volume_v3.2_2026-08-21
2025-10-25,D+7,ALL,691,590.0,598,1050,gbr,volume_v3.2_2026-08-21
2025-10-26,D+7,ALL,579,516.0,486,922,gbr,volume_v3.2_2026-08-21
2025-10-27,D+7,ALL,789,558.0,682,1183,gbr,volume_v3.2_2026-08-21
2025-10-28,D+7,ALL,731,638.0,618,1122,gbr,volume_v3.2_2026-08-21
2025-10-29,D+7,ALL,656,592.0,551,1022,gbr,volume_v3.2_2026-08-21
2025-10-30,D+7,ALL,806,602.0,692,1205,gbr,volume_v3.2_2026-08-21
2025-10-31,D+7,ALL,704,672.0,556,1089,gbr,volume_v3.2_2026-08-21
2025-11-01,D+7,ALL,606,548.0,478,936,gbr,volume_v3.2_2026-08-21
2025-11-02,D+7,ALL,552,536.0,439,829,gbr,volume_v3.2_2026-08-21
2025-11-03,D+7,ALL,665,524.0,549,896,gbr,volume_v3.2_2026-08-21
2025-11-04,D+7,ALL,721,517.0,553,955,gbr,volume_v3.2_2026-08-21
2025-11-05,D+7,ALL,675,624.0,490,895,gbr,volume_v3.2_2026-08-21
2025-11-06,D+7,ALL,659,468.0,476,872,gbr,volume_v3.2_2026-08-21
2025-11-07,D+7,ALL,624,539.0,439,847,gbr,volume_v3.2_2026-08-21
2025-11-08,D+7,ALL,461,519.0,303,650,gbr,volume_v3.2_2026-08-21
2025-11-09,D+7,ALL,452,495.0,297,636,gbr,volume_v3.2_2026-08-21
2025-11-10,D+7,ALL,599,629.0,421,807,gbr,volume_v3.2_2026-08-21
2025-11-11,D+7,ALL,665,606.0,478,880,gbr,volume_v3.2_2026-08-21
2025-11-12,D+7,ALL,683,530.0,495,897,gbr,volume_v3.2_2026-08-21
2025-11-13,D+7,ALL,633,563.0,453,830,gbr,volume_v3.2_2026-08-21
2025-11-14,D+7,ALL,515,536.0,353,683,gbr,volume_v3.2_2026-08-21
2025-11-15,D+7,ALL,481,527.0,325,634,gbr,volume_v3.2_2026-08-21
2025-11-16,D+7,ALL,485,526.0,328,629,gbr,volume_v3.2_2026-08-21
2025-11-17,D+7,ALL,595,605.0,422,745,gbr,volume_v3.2_2026-08-21
2025-11-18,D+7,ALL,610,733.0,435,752,gbr,volume_v3.2_2026-08-21
2025-11-19,D+7,ALL,581,679.0,412,719,gbr,volume_v3.2_2026-08-21
2025-11-20,D+7,ALL,645,579.0,469,790,gbr,volume_v3.2_2026-08-21
2025-11-21,D+7,ALL,604,682.0,437,745,gbr,volume_v3.2_2026-08-21
2025-11-22,D+7,ALL,529,727.0,374,648,gbr,volume_v3.2_2026-08-21
2025-11-23,D+7,ALL,551,799.0,385,686,gbr,volume_v3.2_2026-08-21
2025-11-24,D+7,ALL,625,819.0,451,846,gbr,volume_v3.2_2026-08-21
2025-11-25,D+7,ALL,672,715.0,494,900,gbr,volume_v3.2_2026-08-21
2025-11-26,D+7,ALL,680,769.0,504,908,gbr,volume_v3.2_2026-08-21
2025-11-27,D+7,ALL,705,718.0,528,936,gbr,volume_v3.2_2026-08-21
2025-11-28,D+7,ALL,725,768.0,548,957,gbr,volume_v3.2_2026-08-21
2025-11-29,D+7,ALL,676,705.0,508,895,gbr,volume_v3.2_2026-08-21
2025-11-30,D+7,ALL,682,727.0,517,899,gbr,volume_v3.2_2026-08-21
2025-12-01,D+7,ALL,687,800.0,525,901,gbr,volume_v3.2_2026-08-21
2025-12-02,D+7,ALL,782,758.0,612,942,gbr,volume_v3.2_2026-08-21
2025-12-03,D+7,ALL,703,692.0,546,820,gbr,volume_v3.2_2026-08-21
2025-12-04,D+7,ALL,651,718.0,502,761,gbr,volume_v3.2_2026-08-21
2025-12-05,D+7,ALL,690,808.0,539,804,gbr,volume_v3.2_2026-08-21
2025-12-06,D+7,ALL,653,697.0,495,773,gbr,volume_v3.2_2026-08-21
2025-12-07,D+7,ALL,667,677.0,511,787,gbr,volume_v3.2_2026-08-21
2025-12-08,D+7,ALL,762,732.0,598,882,gbr,volume_v3.2_2026-08-21
2025-12-09,D+7,ALL,660,830.0,511,770,gbr,volume_v3.2_2026-08-21
2025-12-10,D+7,ALL,762,724.0,587,883,gbr,volume_v3.2_2026-08-21
2025-12-11,D+7,ALL,770,687.0,614,892,gbr,volume_v3.2_2026-08-21
2025-12-12,D+7,ALL,664,670.0,520,776,gbr,volume_v3.2_2026-08-21
2025-12-13,D+7,ALL,615,670.0,479,722,gbr,volume_v3.2_2026-08-21
2025-12-14,D+7,ALL,619,640.0,486,726,gbr,volume_v3.2_2026-08-21
2025-12-15,D+7,ALL,694,707.0,561,806,gbr,volume_v3.2_2026-08-21
2025-12-16,D+7,ALL,721,1029.0,593,834,gbr,volume_v3.2_2026-08-21
2025-12-17,D+7,ALL,796,987.0,675,926,gbr,volume_v3.2_2026-08-21
2025-12-18,D+7,ALL,802,933.0,648,988,gbr,volume_v3.2_2026-08-21
2025-12-19,D+7,ALL,781,819.0,637,957,gbr,volume_v3.2_2026-08-21
2025-12-20,D+7,ALL,870,901.0,727,1047,gbr,volume_v3.2_2026-08-21
2025-12-21,D+7,ALL,773,956.0,646,932,gbr,volume_v3.2_2026-08-21
2025-12-22,D+7,ALL,805,1202.0,648,994,gbr,volume_v3.2_2026-08-21
2025-12-23,D+7,ALL,860,1060.0,690,1084,gbr,volume_v3.2_2026-08-21
2025-12-24,D+7,ALL,905,808.0,732,1130,gbr,volume_v3.2_2026-08-21
2025-12-25,D+7,ALL,803,687.0,642,1010,gbr,volume_v3.2_2026-08-21
2025-12-26,D+7,ALL,744,860.0,591,938,gbr,volume_v3.2_2026-08-21
2025-12-27,D+7,ALL,766,918.0,646,959,gbr,volume_v3.2_2026-08-21
2025-12-28,D+7,ALL,829,787.0,711,1025,gbr,volume_v3.2_2026-08-21
2025-12-29,D+7,ALL,887,901.0,769,1090,gbr,volume_v3.2_2026-08-21
2025-12-30,D+7,ALL,915,859.0,814,1121,gbr,volume_v3.2_2026-08-21
2025-12-31,D+7,ALL,921,752.0,821,1127,gbr,volume_v3.2_2026-08-21
2026-01-07,D+7,ALL,889,,790,1092,gbr,volume_v3.2_2026-08-21
2025-09-01,D+1,P1,0,0.0,0,0,naive7,volume_v3.2_2026-08-21
2025-09-02,D+1,P1,0,0.0,0,0,naive7,volume_v3.2_2026-08-21
2025-09-03,D+1,P1,0,0.0,0,0,naive7,volume_v3.2_2026-08-21
2025-09-04,D+1,P1,0,0.0,0,0,naive7,volume_v3.2_2026-08-21
2025-09-05,D+1,P1,0,0.0,0,0,naive7,volume_v3.2_2026-08-21
2025-09-06,D+1,P1,0,0.0,0,0,naive7,volume_v3.2_2026-08-21
2025-09-07,D+1,P1,0,0.0,0,0,naive7,volume_v3.2_2026-08-21
2025-09-08,D+1,P1,0,0.0,0,0,naive7,volume_v3.2_2026-08-21
2025-09-09,D+1,P1,0,0.0,0,0,naive7,volume_v3.2_2026-08-21
2025-09-10,D+1,P1,0,0.0,0,0,naive7,volume_v3.2_2026-08-21
2025-09-11,D+1,P1,0,0.0,0,0,naive7,volume_v3.2_2026-08-21
2025-09-12,D+1,P1,0,0.0,0,0,naive7,volume_v3.2_2026-08-21
2025-09-13,D+1,P1,0,0.0,0,0,naive7,volume_v3.2_2026-08-21
2025-09-14,D+1,P1,0,0.0,0,0,naive7,volume_v3.2_2026-08-21
2025-09-15,D+1,P1,0,0.0,0,0,naive7,volume_v3.2_2026-08-21
2025-09-16,D+1,P1,0,0.0,0,0,naive7,volume_v3.2_2026-08-21
2025-09-17,D+1,P1,0,0.0,0,0,naive7,volume_v3.2_2026-08-21
2025-09-18,D+1,P1,0,0.0,0,0,naive7,volume_v3.2_2026-08-21
2025-09-19,D+1,P1,0,0.0,0,0,naive7,volume_v3.2_2026-08-21
2025-09-20,D+1,P1,0,0.0,0,0,naive7,volume_v3.2_2026-08-21
2025-09-21,D+1,P1,0,0.0,0,0,naive7,volume_v3.2_2026-08-21
2025-09-22,D+1,P1,0,0.0,0,0,naive7,volume_v3.2_2026-08-21
2025-09-23,D+1,P1,0,0.0,0,0,naive7,volume_v3.2_2026-08-21
2025-09-24,D+1,P1,0,0.0,0,0,naive7,volume_v3.2_2026-08-21
2025-09-25,D+1,P1,0,0.0,0,0,naive7,volume_v3.2_2026-08-21
2025-09-26,D+1,P1,0,0.0,0,0,naive7,volume_v3.2_2026-08-21
2025-09-27,D+1,P1,0,0.0,0,0,naive7,volume_v3.2_2026-08-21
2025-09-28,D+1,P1,0,0.0,0,0,naive7,volume_v3.2_2026-08-21
2025-09-29,D+1,P1,0,0.0,0,0,naive7,volume_v3.2_2026-08-21
2025-09-30,D+1,P1,0,0.0,0,0,naive7,volume_v3.2_2026-08-21
2025-10-01,D+1,P1,0,0.0,0,0,naive7,volume_v3.2_2026-08-21
2025-10-02,D+1,P1,0,0.0,0,0,naive7,volume_v3.2_2026-08-21
2025-10-03,D+1,P1,0,0.0,0,0,naive7,volume_v3.2_2026-08-21
2025-10-04,D+1,P1,0,0.0,0,0,naive7,volume_v3.2_2026-08-21
2025-10-05,D+1,P1,0,0.0,0,0,naive7,volume_v3.2_2026-08-21
2025-10-06,D+1,P1,0,0.0,0,0,naive7,volume_v3.2_2026-08-21
2025-10-07,D+1,P1,0,0.0,0,0,naive7,volume_v3.2_2026-08-21
2025-10-08,D+1,P1,0,0.0,0,0,naive7,volume_v3.2_2026-08-21
2025-10-09,D+1,P1,0,0.0,0,0,naive7,volume_v3.2_2026-08-21
2025-10-10,D+1,P1,0,0.0,0,0,naive7,volume_v3.2_2026-08-21
2025-10-11,D+1,P1,0,0.0,0,0,naive7,volume_v3.2_2026-08-21
2025-10-12,D+1,P1,0,0.0,0,0,naive7,volume_v3.2_2026-08-21
2025-10-13,D+1,P1,0,0.0,0,0,naive7,volume_v3.2_2026-08-21
2025-10-14,D+1,P1,0,0.0,0,0,naive7,volume_v3.2_2026-08-21
2025-10-15,D+1,P1,0,0.0,0,0,naive7,volume_v3.2_2026-08-21
2025-10-16,D+1,P1,0,0.0,0,0,naive7,volume_v3.2_2026-08-21
2025-10-17,D+1,P1,0,0.0,0,0,naive7,volume_v3.2_2026-08-21
2025-10-18,D+1,P1,0,0.0,0,0,naive7,volume_v3.2_2026-08-21
2025-10-19,D+1,P1,0,0.0,0,0,naive7,volume_v3.2_2026-08-21
2025-10-20,D+1,P1,0,0.0,0,0,naive7,volume_v3.2_2026-08-21
2025-10-21,D+1,P1,0,0.0,0,0,naive7,volume_v3.2_2026-08-21
2025-10-22,D+1,P1,0,0.0,0,0,naive7,volume_v3.2_2026-08-21
2025-10-23,D+1,P1,0,0.0,0,0,naive7,volume_v3.2_2026-08-21
2025-10-24,D+1,P1,0,0.0,0,0,naive7,volume_v3.2_2026-08-21
2025-10-25,D+1,P1,0,0.0,0,0,naive7,volume_v3.2_2026-08-21
2025-10-26,D+1,P1,0,0.0,0,0,naive7,volume_v3.2_2026-08-21
2025-10-27,D+1,P1,0,0.0,0,0,naive7,volume_v3.2_2026-08-21
2025-10-28,D+1,P1,0,0.0,0,0,naive7,volume_v3.2_2026-08-21
2025-10-29,D+1,P1,0,0.0,0,0,naive7,volume_v3.2_2026-08-21
2025-10-30,D+1,P1,0,0.0,0,0,naive7,volume_v3.2_2026-08-21
2025-10-31,D+1,P1,0,0.0,0,0,naive7,volume_v3.2_2026-08-21
2025-11-01,D+1,P1,0,0.0,0,0,naive7,volume_v3.2_2026-08-21
2025-11-02,D+1,P1,0,0.0,0,0,naive7,volume_v3.2_2026-08-21
2025-11-03,D+1,P1,0,0.0,0,0,naive7,volume_v3.2_2026-08-21
2025-11-04,D+1,P1,0,0.0,0,0,naive7,volume_v3.2_2026-08-21
2025-11-05,D+1,P1,0,0.0,0,0,naive7,volume_v3.2_2026-08-21
2025-11-06,D+1,P1,0,0.0,0,0,naive7,volume_v3.2_2026-08-21
2025-11-07,D+1,P1,0,0.0,0,0,naive7,volume_v3.2_2026-08-21
2025-11-08,D+1,P1,0,0.0,0,0,naive7,volume_v3.2_2026-08-21
2025-11-09,D+1,P1,0,0.0,0,0,naive7,volume_v3.2_2026-08-21
2025-11-10,D+1,P1,0,0.0,0,0,naive7,volume_v3.2_2026-08-21
2025-11-11,D+1,P1,0,0.0,0,0,naive7,volume_v3.2_2026-08-21
2025-11-12,D+1,P1,0,0.0,0,0,naive7,volume_v3.2_2026-08-21
2025-11-13,D+1,P1,0,0.0,0,0,naive7,volume_v3.2_2026-08-21
2025-11-14,D+1,P1,0,0.0,0,0,naive7,volume_v3.2_2026-08-21
2025-11-15,D+1,P1,0,0.0,0,0,naive7,volume_v3.2_2026-08-21
2025-11-16,D+1,P1,0,0.0,0,0,naive7,volume_v3.2_2026-08-21
2025-11-17,D+1,P1,0,0.0,0,0,naive7,volume_v3.2_2026-08-21
2025-11-18,D+1,P1,0,0.0,0,0,naive7,volume_v3.2_2026-08-21
2025-11-19,D+1,P1,0,0.0,0,0,naive7,volume_v3.2_2026-08-21
2025-11-20,D+1,P1,0,0.0,0,0,naive7,volume_v3.2_2026-08-21
2025-11-21,D+1,P1,0,0.0,0,0,naive7,volume_v3.2_2026-08-21
2025-11-22,D+1,P1,0,0.0,0,0,naive7,volume_v3.2_2026-08-21
2025-11-23,D+1,P1,0,0.0,0,0,naive7,volume_v3.2_2026-08-21
2025-11-24,D+1,P1,0,0.0,0,0,naive7,volume_v3.2_2026-08-21
2025-11-25,D+1,P1,0,0.0,0,0,naive7,volume_v3.2_2026-08-21
2025-11-26,D+1,P1,0,0.0,0,0,naive7,volume_v3.2_2026-08-21
2025-11-27,D+1,P1,0,0.0,0,0,naive7,volume_v3.2_2026-08-21
2025-11-28,D+1,P1,0,0.0,0,0,naive7,volume_v3.2_2026-08-21
2025-11-29,D+1,P1,0,0.0,0,0,naive7,volume_v3.2_2026-08-21
2025-11-30,D+1,P1,0,0.0,0,0,naive7,volume_v3.2_2026-08-21
2025-12-01,D+1,P1,0,0.0,0,0,naive7,volume_v3.2_2026-08-21
2025-12-02,D+1,P1,0,0.0,0,0,naive7,volume_v3.2_2026-08-21
2025-12-03,D+1,P1,0,0.0,0,0,naive7,volume_v3.2_2026-08-21
2025-12-04,D+1,P1,0,0.0,0,0,naive7,volume_v3.2_2026-08-21
2025-12-05,D+1,P1,0,0.0,0,0,naive7,volume_v3.2_2026-08-21
2025-12-06,D+1,P1,0,0.0,0,0,naive7,volume_v3.2_2026-08-21
2025-12-07,D+1,P1,0,0.0,0,0,naive7,volume_v3.2_2026-08-21
2025-12-08,D+1,P1,0,0.0,0,0,naive7,volume_v3.2_2026-08-21
2025-12-09,D+1,P1,0,0.0,0,0,naive7,volume_v3.2_2026-08-21
2025-12-10,D+1,P1,0,0.0,0,0,naive7,volume_v3.2_2026-08-21
2025-12-11,D+1,P1,0,0.0,0,0,naive7,volume_v3.2_2026-08-21
2025-12-12,D+1,P1,0,0.0,0,0,naive7,volume_v3.2_2026-08-21
2025-12-13,D+1,P1,0,0.0,0,0,naive7,volume_v3.2_2026-08-21
2025-12-14,D+1,P1,0,0.0,0,0,naive7,volume_v3.2_2026-08-21
2025-12-15,D+1,P1,0,0.0,0,0,naive7,volume_v3.2_2026-08-21
2025-12-16,D+1,P1,0,0.0,0,0,naive7,volume_v3.2_2026-08-21
2025-12-17,D+1,P1,0,0.0,0,0,naive7,volume_v3.2_2026-08-21
2025-12-18,D+1,P1,0,0.0,0,0,naive7,volume_v3.2_2026-08-21
2025-12-19,D+1,P1,0,0.0,0,0,naive7,volume_v3.2_2026-08-21
2025-12-20,D+1,P1,0,0.0,0,0,naive7,volume_v3.2_2026-08-21
2025-12-21,D+1,P1,0,0.0,0,0,naive7,volume_v3.2_2026-08-21
2025-12-22,D+1,P1,0,0.0,0,0,naive7,volume_v3.2_2026-08-21
2025-12-23,D+1,P1,0,0.0,0,0,naive7,volume_v3.2_2026-08-21
2025-12-24,D+1,P1,0,0.0,0,0,naive7,volume_v3.2_2026-08-21
2025-12-25,D+1,P1,0,0.0,0,0,naive7,volume_v3.2_2026-08-21
2025-12-26,D+1,P1,0,0.0,0,0,naive7,volume_v3.2_2026-08-21
2025-12-27,D+1,P1,0,0.0,0,0,naive7,volume_v3.2_2026-08-21
2025-12-28,D+1,P1,0,0.0,0,0,naive7,volume_v3.2_2026-08-21
2025-12-29,D+1,P1,0,0.0,0,0,naive7,volume_v3.2_2026-08-21
2025-12-30,D+1,P1,0,0.0,0,0,naive7,volume_v3.2_2026-08-21
2025-12-31,D+1,P1,0,0.0,0,0,naive7,volume_v3.2_2026-08-21
2026-01-01,D+1,P1,0,,0,0,naive7,volume_v3.2_2026-08-21
2025-09-01,D+7,P1,0,0.0,0,0,naive7,volume_v3.2_2026-08-21
2025-09-02,D+7,P1,0,0.0,0,0,naive7,volume_v3.2_2026-08-21
2025-09-03,D+7,P1,0,0.0,0,0,naive7,volume_v3.2_2026-08-21
2025-09-04,D+7,P1,0,0.0,0,0,naive7,volume_v3.2_2026-08-21
2025-09-05,D+7,P1,0,0.0,0,0,naive7,volume_v3.2_2026-08-21
2025-09-06,D+7,P1,0,0.0,0,0,naive7,volume_v3.2_2026-08-21
2025-09-07,D+7,P1,0,0.0,0,0,naive7,volume_v3.2_2026-08-21
2025-09-08,D+7,P1,0,0.0,0,0,naive7,volume_v3.2_2026-08-21
2025-09-09,D+7,P1,0,0.0,0,0,naive7,volume_v3.2_2026-08-21
2025-09-10,D+7,P1,0,0.0,0,0,naive7,volume_v3.2_2026-08-21
2025-09-11,D+7,P1,0,0.0,0,0,naive7,volume_v3.2_2026-08-21
2025-09-12,D+7,P1,0,0.0,0,0,naive7,volume_v3.2_2026-08-21
2025-09-13,D+7,P1,0,0.0,0,0,naive7,volume_v3.2_2026-08-21
2025-09-14,D+7,P1,0,0.0,0,0,naive7,volume_v3.2_2026-08-21
2025-09-15,D+7,P1,0,0.0,0,0,naive7,volume_v3.2_2026-08-21
2025-09-16,D+7,P1,0,0.0,0,0,naive7,volume_v3.2_2026-08-21
2025-09-17,D+7,P1,0,0.0,0,0,naive7,volume_v3.2_2026-08-21
2025-09-18,D+7,P1,0,0.0,0,0,naive7,volume_v3.2_2026-08-21
2025-09-19,D+7,P1,0,0.0,0,0,naive7,volume_v3.2_2026-08-21
2025-09-20,D+7,P1,0,0.0,0,0,naive7,volume_v3.2_2026-08-21
2025-09-21,D+7,P1,0,0.0,0,0,naive7,volume_v3.2_2026-08-21
2025-09-22,D+7,P1,0,0.0,0,0,naive7,volume_v3.2_2026-08-21
2025-09-23,D+7,P1,0,0.0,0,0,naive7,volume_v3.2_2026-08-21
2025-09-24,D+7,P1,0,0.0,0,0,naive7,volume_v3.2_2026-08-21
2025-09-25,D+7,P1,0,0.0,0,0,naive7,volume_v3.2_2026-08-21
2025-09-26,D+7,P1,0,0.0,0,0,naive7,volume_v3.2_2026-08-21
2025-09-27,D+7,P1,0,0.0,0,0,naive7,volume_v3.2_2026-08-21
2025-09-28,D+7,P1,0,0.0,0,0,naive7,volume_v3.2_2026-08-21
2025-09-29,D+7,P1,0,0.0,0,0,naive7,volume_v3.2_2026-08-21
2025-09-30,D+7,P1,0,0.0,0,0,naive7,volume_v3.2_2026-08-21
2025-10-01,D+7,P1,0,0.0,0,0,naive7,volume_v3.2_2026-08-21
2025-10-02,D+7,P1,0,0.0,0,0,naive7,volume_v3.2_2026-08-21
2025-10-03,D+7,P1,0,0.0,0,0,naive7,volume_v3.2_2026-08-21
2025-10-04,D+7,P1,0,0.0,0,0,naive7,volume_v3.2_2026-08-21
2025-10-05,D+7,P1,0,0.0,0,0,naive7,volume_v3.2_2026-08-21
2025-10-06,D+7,P1,0,0.0,0,0,naive7,volume_v3.2_2026-08-21
2025-10-07,D+7,P1,0,0.0,0,0,naive7,volume_v3.2_2026-08-21
2025-10-08,D+7,P1,0,0.0,0,0,naive7,volume_v3.2_2026-08-21
2025-10-09,D+7,P1,0,0.0,0,0,naive7,volume_v3.2_2026-08-21
2025-10-10,D+7,P1,0,0.0,0,0,naive7,volume_v3.2_2026-08-21
2025-10-11,D+7,P1,0,0.0,0,0,naive7,volume_v3.2_2026-08-21
2025-10-12,D+7,P1,0,0.0,0,0,naive7,volume_v3.2_2026-08-21
2025-10-13,D+7,P1,0,0.0,0,0,naive7,volume_v3.2_2026-08-21
2025-10-14,D+7,P1,0,0.0,0,0,naive7,volume_v3.2_2026-08-21
2025-10-15,D+7,P1,0,0.0,0,0,naive7,volume_v3.2_2026-08-21
2025-10-16,D+7,P1,0,0.0,0,0,naive7,volume_v3.2_2026-08-21
2025-10-17,D+7,P1,0,0.0,0,0,naive7,volume_v3.2_2026-08-21
2025-10-18,D+7,P1,0,0.0,0,0,naive7,volume_v3.2_2026-08-21
2025-10-19,D+7,P1,0,0.0,0,0,naive7,volume_v3.2_2026-08-21
2025-10-20,D+7,P1,0,0.0,0,0,naive7,volume_v3.2_2026-08-21
2025-10-21,D+7,P1,0,0.0,0,0,naive7,volume_v3.2_2026-08-21
2025-10-22,D+7,P1,0,0.0,0,0,naive7,volume_v3.2_2026-08-21
2025-10-23,D+7,P1,0,0.0,0,0,naive7,volume_v3.2_2026-08-21
2025-10-24,D+7,P1,0,0.0,0,0,naive7,volume_v3.2_2026-08-21
2025-10-25,D+7,P1,0,0.0,0,0,naive7,volume_v3.2_2026-08-21
2025-10-26,D+7,P1,0,0.0,0,0,naive7,volume_v3.2_2026-08-21
2025-10-27,D+7,P1,0,0.0,0,0,naive7,volume_v3.2_2026-08-21
2025-10-28,D+7,P1,0,0.0,0,0,naive7,volume_v3.2_2026-08-21
2025-10-29,D+7,P1,0,0.0,0,0,naive7,volume_v3.2_2026-08-21
2025-10-30,D+7,P1,0,0.0,0,0,naive7,volume_v3.2_2026-08-21
2025-10-31,D+7,P1,0,0.0,0,0,naive7,volume_v3.2_2026-08-21
2025-11-01,D+7,P1,0,0.0,0,0,naive7,volume_v3.2_2026-08-21
2025-11-02,D+7,P1,0,0.0,0,0,naive7,volume_v3.2_2026-08-21
2025-11-03,D+7,P1,0,0.0,0,0,naive7,volume_v3.2_2026-08-21
2025-11-04,D+7,P1,0,0.0,0,0,naive7,volume_v3.2_2026-08-21
2025-11-05,D+7,P1,0,0.0,0,0,naive7,volume_v3.2_2026-08-21
2025-11-06,D+7,P1,0,0.0,0,0,naive7,volume_v3.2_2026-08-21
2025-11-07,D+7,P1,0,0.0,0,0,naive7,volume_v3.2_2026-08-21
2025-11-08,D+7,P1,0,0.0,0,0,naive7,volume_v3.2_2026-08-21
2025-11-09,D+7,P1,0,0.0,0,0,naive7,volume_v3.2_2026-08-21
2025-11-10,D+7,P1,0,0.0,0,0,naive7,volume_v3.2_2026-08-21
2025-11-11,D+7,P1,0,0.0,0,0,naive7,volume_v3.2_2026-08-21
2025-11-12,D+7,P1,0,0.0,0,0,naive7,volume_v3.2_2026-08-21
2025-11-13,D+7,P1,0,0.0,0,0,naive7,volume_v3.2_2026-08-21
2025-11-14,D+7,P1,0,0.0,0,0,naive7,volume_v3.2_2026-08-21
2025-11-15,D+7,P1,0,0.0,0,0,naive7,volume_v3.2_2026-08-21
2025-11-16,D+7,P1,0,0.0,0,0,naive7,volume_v3.2_2026-08-21
2025-11-17,D+7,P1,0,0.0,0,0,naive7,volume_v3.2_2026-08-21
2025-11-18,D+7,P1,0,0.0,0,0,naive7,volume_v3.2_2026-08-21
2025-11-19,D+7,P1,0,0.0,0,0,naive7,volume_v3.2_2026-08-21
2025-11-20,D+7,P1,0,0.0,0,0,naive7,volume_v3.2_2026-08-21
2025-11-21,D+7,P1,0,0.0,0,0,naive7,volume_v3.2_2026-08-21
2025-11-22,D+7,P1,0,0.0,0,0,naive7,volume_v3.2_2026-08-21
2025-11-23,D+7,P1,0,0.0,0,0,naive7,volume_v3.2_2026-08-21
2025-11-24,D+7,P1,0,0.0,0,0,naive7,volume_v3.2_2026-08-21
2025-11-25,D+7,P1,0,0.0,0,0,naive7,volume_v3.2_2026-08-21
2025-11-26,D+7,P1,0,0.0,0,0,naive7,volume_v3.2_2026-08-21
2025-11-27,D+7,P1,0,0.0,0,0,naive7,volume_v3.2_2026-08-21
2025-11-28,D+7,P1,0,0.0,0,0,naive7,volume_v3.2_2026-08-21
2025-11-29,D+7,P1,0,0.0,0,0,naive7,volume_v3.2_2026-08-21
2025-11-30,D+7,P1,0,0.0,0,0,naive7,volume_v3.2_2026-08-21
2025-12-01,D+7,P1,0,0.0,0,0,naive7,volume_v3.2_2026-08-21
2025-12-02,D+7,P1,0,0.0,0,0,naive7,volume_v3.2_2026-08-21
2025-12-03,D+7,P1,0,0.0,0,0,naive7,volume_v3.2_2026-08-21
2025-12-04,D+7,P1,0,0.0,0,0,naive7,volume_v3.2_2026-08-21
2025-12-05,D+7,P1,0,0.0,0,0,naive7,volume_v3.2_2026-08-21
2025-12-06,D+7,P1,0,0.0,0,0,naive7,volume_v3.2_2026-08-21
2025-12-07,D+7,P1,0,0.0,0,0,naive7,volume_v3.2_2026-08-21
2025-12-08,D+7,P1,0,0.0,0,0,naive7,volume_v3.2_2026-08-21
2025-12-09,D+7,P1,0,0.0,0,0,naive7,volume_v3.2_2026-08-21
2025-12-10,D+7,P1,0,0.0,0,0,naive7,volume_v3.2_2026-08-21
2025-12-11,D+7,P1,0,0.0,0,0,naive7,volume_v3.2_2026-08-21
2025-12-12,D+7,P1,0,0.0,0,0,naive7,volume_v3.2_2026-08-21
2025-12-13,D+7,P1,0,0.0,0,0,naive7,volume_v3.2_2026-08-21
2025-12-14,D+7,P1,0,0.0,0,0,naive7,volume_v3.2_2026-08-21
2025-12-15,D+7,P1,0,0.0,0,0,naive7,volume_v3.2_2026-08-21
2025-12-16,D+7,P1,0,0.0,0,0,naive7,volume_v3.2_2026-08-21
2025-12-17,D+7,P1,0,0.0,0,0,naive7,volume_v3.2_2026-08-21
2025-12-18,D+7,P1,0,0.0,0,0,naive7,volume_v3.2_2026-08-21
2025-12-19,D+7,P1,0,0.0,0,0,naive7,volume_v3.2_2026-08-21
2025-12-20,D+7,P1,0,0.0,0,0,naive7,volume_v3.2_2026-08-21
2025-12-21,D+7,P1,0,0.0,0,0,naive7,volume_v3.2_2026-08-21
2025-12-22,D+7,P1,0,0.0,0,0,naive7,volume_v3.2_2026-08-21
2025-12-23,D+7,P1,0,0.0,0,0,naive7,volume_v3.2_2026-08-21
2025-12-24,D+7,P1,0,0.0,0,0,naive7,volume_v3.2_2026-08-21
2025-12-25,D+7,P1,0,0.0,0,0,naive7,volume_v3.2_2026-08-21
2025-12-26,D+7,P1,0,0.0,0,0,naive7,volume_v3.2_2026-08-21
2025-12-27,D+7,P1,0,0.0,0,0,naive7,volume_v3.2_2026-08-21
2025-12-28,D+7,P1,0,0.0,0,0,naive7,volume_v3.2_2026-08-21
2025-12-29,D+7,P1,0,0.0,0,0,naive7,volume_v3.2_2026-08-21
2025-12-30,D+7,P1,0,0.0,0,0,naive7,volume_v3.2_2026-08-21
2025-12-31,D+7,P1,0,0.0,0,0,naive7,volume_v3.2_2026-08-21
2026-01-07,D+7,P1,0,,0,0,naive7,volume_v3.2_2026-08-21
2025-09-01,D+1,P2,13,28.0,27,64,ridge,volume_v3.2_2026-08-21
2025-09-02,D+1,P2,17,47.0,27,64,ridge,volume_v3.2_2026-08-21
2025-09-03,D+1,P2,38,35.0,27,64,ridge,volume_v3.2_2026-08-21
2025-09-04,D+1,P2,29,31.0,27,64,ridge,volume_v3.2_2026-08-21
2025-09-05,D+1,P2,32,26.0,27,64,ridge,volume_v3.2_2026-08-21
2025-09-06,D+1,P2,22,25.0,27,64,ridge,volume_v3.2_2026-08-21
2025-09-07,D+1,P2,18,21.0,27,64,ridge,volume_v3.2_2026-08-21
2025-09-08,D+1,P2,29,40.0,27,64,ridge,volume_v3.2_2026-08-21
2025-09-09,D+1,P2,34,47.0,27,64,ridge,volume_v3.2_2026-08-21
2025-09-10,D+1,P2,35,38.0,27,64,ridge,volume_v3.2_2026-08-21
2025-09-11,D+1,P2,37,32.0,27,64,ridge,volume_v3.2_2026-08-21
2025-09-12,D+1,P2,30,34.0,27,64,ridge,volume_v3.2_2026-08-21
2025-09-13,D+1,P2,27,22.0,27,64,ridge,volume_v3.2_2026-08-21
2025-09-14,D+1,P2,25,15.0,27,64,ridge,volume_v3.2_2026-08-21
2025-09-15,D+1,P2,32,46.0,27,64,ridge,volume_v3.2_2026-08-21
2025-09-16,D+1,P2,42,32.0,27,64,ridge,volume_v3.2_2026-08-21
2025-09-17,D+1,P2,36,39.0,27,64,ridge,volume_v3.2_2026-08-21
2025-09-18,D+1,P2,36,57.0,27,64,ridge,volume_v3.2_2026-08-21
2025-09-19,D+1,P2,39,39.0,27,64,ridge,volume_v3.2_2026-08-21
2025-09-20,D+1,P2,34,27.0,27,64,ridge,volume_v3.2_2026-08-21
2025-09-21,D+1,P2,32,18.0,27,64,ridge,volume_v3.2_2026-08-21
2025-09-22,D+1,P2,39,69.0,27,64,ridge,volume_v3.2_2026-08-21
2025-09-23,D+1,P2,67,69.0,27,64,ridge,volume_v3.2_2026-08-21
2025-09-24,D+1,P2,57,50.0,27,64,ridge,volume_v3.2_2026-08-21
2025-09-25,D+1,P2,55,42.0,27,64,ridge,volume_v3.2_2026-08-21
2025-09-26,D+1,P2,47,25.0,27,64,ridge,volume_v3.2_2026-08-21
2025-09-27,D+1,P2,37,13.0,27,64,ridge,volume_v3.2_2026-08-21
2025-09-28,D+1,P2,23,17.0,27,64,ridge,volume_v3.2_2026-08-21
2025-09-29,D+1,P2,41,33.0,27,64,ridge,volume_v3.2_2026-08-21
2025-09-30,D+1,P2,34,52.0,22,55,ridge,volume_v3.2_2026-08-21
2025-10-01,D+1,P2,40,38.0,28,62,ridge,volume_v3.2_2026-08-21
2025-10-02,D+1,P2,39,84.0,27,60,ridge,volume_v3.2_2026-08-21
2025-10-03,D+1,P2,45,73.0,31,73,ridge,volume_v3.2_2026-08-21
2025-10-04,D+1,P2,44,24.0,30,74,ridge,volume_v3.2_2026-08-21
2025-10-05,D+1,P2,25,11.0,11,48,ridge,volume_v3.2_2026-08-21
2025-10-06,D+1,P2,38,24.0,20,65,ridge,volume_v3.2_2026-08-21
2025-10-07,D+1,P2,40,34.0,22,67,ridge,volume_v3.2_2026-08-21
2025-10-08,D+1,P2,44,54.0,25,72,ridge,volume_v3.2_2026-08-21
2025-10-09,D+1,P2,56,35.0,35,87,ridge,volume_v3.2_2026-08-21
2025-10-10,D+1,P2,41,45.0,23,68,ridge,volume_v3.2_2026-08-21
2025-10-11,D+1,P2,41,9.0,23,68,ridge,volume_v3.2_2026-08-21
2025-10-12,D+1,P2,14,14.0,3,29,ridge,volume_v3.2_2026-08-21
2025-10-13,D+1,P2,30,33.0,14,54,ridge,volume_v3.2_2026-08-21
2025-10-14,D+1,P2,41,27.0,23,69,ridge,volume_v3.2_2026-08-21
2025-10-15,D+1,P2,38,48.0,20,64,ridge,volume_v3.2_2026-08-21
2025-10-16,D+1,P2,55,41.0,34,87,ridge,volume_v3.2_2026-08-21
2025-10-17,D+1,P2,57,32.0,36,88,ridge,volume_v3.2_2026-08-21
2025-10-18,D+1,P2,23,37.0,8,43,ridge,volume_v3.2_2026-08-21
2025-10-19,D+1,P2,28,19.0,12,50,ridge,volume_v3.2_2026-08-21
2025-10-20,D+1,P2,33,50.0,16,56,ridge,volume_v3.2_2026-08-21
2025-10-21,D+1,P2,41,51.0,22,66,ridge,volume_v3.2_2026-08-21
2025-10-22,D+1,P2,49,52.0,29,75,ridge,volume_v3.2_2026-08-21
2025-10-23,D+1,P2,48,53.0,28,72,ridge,volume_v3.2_2026-08-21
2025-10-24,D+1,P2,44,42.0,26,66,ridge,volume_v3.2_2026-08-21
2025-10-25,D+1,P2,38,17.0,21,58,ridge,volume_v3.2_2026-08-21
2025-10-26,D+1,P2,22,17.0,7,38,ridge,volume_v3.2_2026-08-21
2025-10-27,D+1,P2,36,42.0,18,56,ridge,volume_v3.2_2026-08-21
2025-10-28,D+1,P2,41,59.0,22,62,ridge,volume_v3.2_2026-08-21
2025-10-29,D+1,P2,50,26.0,29,72,ridge,volume_v3.2_2026-08-21
2025-10-30,D+1,P2,38,33.0,18,59,ridge,volume_v3.2_2026-08-21
2025-10-31,D+1,P2,34,45.0,16,54,ridge,volume_v3.2_2026-08-21
2025-11-01,D+1,P2,30,41.0,13,47,ridge,volume_v3.2_2026-08-21
2025-11-02,D+1,P2,24,26.0,9,38,ridge,volume_v3.2_2026-08-21
2025-11-03,D+1,P2,41,49.0,21,59,ridge,volume_v3.2_2026-08-21
2025-11-04,D+1,P2,49,52.0,27,69,ridge,volume_v3.2_2026-08-21
2025-11-05,D+1,P2,44,64.0,24,63,ridge,volume_v3.2_2026-08-21
2025-11-06,D+1,P2,62,21.0,38,86,ridge,volume_v3.2_2026-08-21
2025-11-07,D+1,P2,36,31.0,16,55,ridge,volume_v3.2_2026-08-21
2025-11-08,D+1,P2,30,17.0,12,47,ridge,volume_v3.2_2026-08-21
2025-11-09,D+1,P2,23,22.0,7,38,ridge,volume_v3.2_2026-08-21
2025-11-10,D+1,P2,40,44.0,19,60,ridge,volume_v3.2_2026-08-21
2025-11-11,D+1,P2,49,56.0,26,70,ridge,volume_v3.2_2026-08-21
2025-11-12,D+1,P2,48,46.0,25,69,ridge,volume_v3.2_2026-08-21
2025-11-13,D+1,P2,37,35.0,18,56,ridge,volume_v3.2_2026-08-21
2025-11-14,D+1,P2,36,23.0,17,54,ridge,volume_v3.2_2026-08-21
2025-11-15,D+1,P2,22,32.0,7,36,ridge,volume_v3.2_2026-08-21
2025-11-16,D+1,P2,27,16.0,11,43,ridge,volume_v3.2_2026-08-21
2025-11-17,D+1,P2,37,33.0,18,55,ridge,volume_v3.2_2026-08-21
2025-11-18,D+1,P2,43,66.0,23,62,ridge,volume_v3.2_2026-08-21
2025-11-19,D+1,P2,53,23.0,30,75,ridge,volume_v3.2_2026-08-21
2025-11-20,D+1,P2,28,23.0,10,44,ridge,volume_v3.2_2026-08-21
2025-11-21,D+1,P2,27,28.0,10,43,ridge,volume_v3.2_2026-08-21
2025-11-22,D+1,P2,24,20.0,8,39,ridge,volume_v3.2_2026-08-21
2025-11-23,D+1,P2,22,17.0,6,35,ridge,volume_v3.2_2026-08-21
2025-11-24,D+1,P2,36,31.0,16,54,ridge,volume_v3.2_2026-08-21
2025-11-25,D+1,P2,47,38.0,24,67,ridge,volume_v3.2_2026-08-21
2025-11-26,D+1,P2,41,56.0,20,59,ridge,volume_v3.2_2026-08-21
2025-11-27,D+1,P2,45,43.0,25,64,ridge,volume_v3.2_2026-08-21
2025-11-28,D+1,P2,37,39.0,19,54,ridge,volume_v3.2_2026-08-21
2025-11-29,D+1,P2,33,26.0,17,50,ridge,volume_v3.2_2026-08-21
2025-11-30,D+1,P2,24,24.0,10,35,ridge,volume_v3.2_2026-08-21
2025-12-01,D+1,P2,36,16.0,19,50,ridge,volume_v3.2_2026-08-21
2025-12-02,D+1,P2,34,55.0,16,48,ridge,volume_v3.2_2026-08-21
2025-12-03,D+1,P2,45,45.0,23,62,ridge,volume_v3.2_2026-08-21
2025-12-04,D+1,P2,41,33.0,20,56,ridge,volume_v3.2_2026-08-21
2025-12-05,D+1,P2,36,22.0,17,50,ridge,volume_v3.2_2026-08-21
2025-12-06,D+1,P2,26,14.0,10,37,ridge,volume_v3.2_2026-08-21
2025-12-07,D+1,P2,22,26.0,8,33,ridge,volume_v3.2_2026-08-21
2025-12-08,D+1,P2,35,54.0,18,49,ridge,volume_v3.2_2026-08-21
2025-12-09,D+1,P2,48,50.0,25,68,ridge,volume_v3.2_2026-08-21
2025-12-10,D+1,P2,47,31.0,26,66,ridge,volume_v3.2_2026-08-21
2025-12-11,D+1,P2,38,26.0,23,54,ridge,volume_v3.2_2026-08-21
2025-12-12,D+1,P2,32,41.0,19,47,ridge,volume_v3.2_2026-08-21
2025-12-13,D+1,P2,29,15.0,16,42,ridge,volume_v3.2_2026-08-21
2025-12-14,D+1,P2,23,24.0,11,37,ridge,volume_v3.2_2026-08-21
2025-12-15,D+1,P2,36,40.0,21,52,ridge,volume_v3.2_2026-08-21
2025-12-16,D+1,P2,53,39.0,35,72,ridge,volume_v3.2_2026-08-21
2025-12-17,D+1,P2,39,31.0,24,55,ridge,volume_v3.2_2026-08-21
2025-12-18,D+1,P2,31,59.0,18,44,ridge,volume_v3.2_2026-08-21
2025-12-19,D+1,P2,44,29.0,29,63,ridge,volume_v3.2_2026-08-21
2025-12-20,D+1,P2,25,22.0,13,37,ridge,volume_v3.2_2026-08-21
2025-12-21,D+1,P2,27,27.0,15,39,ridge,volume_v3.2_2026-08-21
2025-12-22,D+1,P2,44,28.0,29,60,ridge,volume_v3.2_2026-08-21
2025-12-23,D+1,P2,41,34.0,25,56,ridge,volume_v3.2_2026-08-21
2025-12-24,D+1,P2,35,28.0,20,49,ridge,volume_v3.2_2026-08-21
2025-12-25,D+1,P2,33,11.0,19,46,ridge,volume_v3.2_2026-08-21
2025-12-26,D+1,P2,26,16.0,13,39,ridge,volume_v3.2_2026-08-21
2025-12-27,D+1,P2,16,16.0,6,26,ridge,volume_v3.2_2026-08-21
2025-12-28,D+1,P2,18,13.0,8,28,ridge,volume_v3.2_2026-08-21
2025-12-29,D+1,P2,28,45.0,15,39,ridge,volume_v3.2_2026-08-21
2025-12-30,D+1,P2,37,27.0,22,54,ridge,volume_v3.2_2026-08-21
2025-12-31,D+1,P2,26,13.0,14,40,ridge,volume_v3.2_2026-08-21
2026-01-01,D+1,P2,29,,16,43,ridge,volume_v3.2_2026-08-21
2025-09-01,D+7,P2,15,28.0,33,82,gbr,volume_v3.2_2026-08-21
2025-09-02,D+7,P2,17,47.0,33,82,gbr,volume_v3.2_2026-08-21
2025-09-03,D+7,P2,21,35.0,33,82,gbr,volume_v3.2_2026-08-21
2025-09-04,D+7,P2,37,31.0,33,82,gbr,volume_v3.2_2026-08-21
2025-09-05,D+7,P2,23,26.0,33,82,gbr,volume_v3.2_2026-08-21
2025-09-06,D+7,P2,9,25.0,33,82,gbr,volume_v3.2_2026-08-21
2025-09-07,D+7,P2,19,21.0,33,82,gbr,volume_v3.2_2026-08-21
2025-09-08,D+7,P2,27,40.0,33,82,gbr,volume_v3.2_2026-08-21
2025-09-09,D+7,P2,25,47.0,33,82,gbr,volume_v3.2_2026-08-21
2025-09-10,D+7,P2,41,38.0,33,82,gbr,volume_v3.2_2026-08-21
2025-09-11,D+7,P2,37,32.0,33,82,gbr,volume_v3.2_2026-08-21
2025-09-12,D+7,P2,33,34.0,33,82,gbr,volume_v3.2_2026-08-21
2025-09-13,D+7,P2,37,22.0,33,82,gbr,volume_v3.2_2026-08-21
2025-09-14,D+7,P2,29,15.0,33,82,gbr,volume_v3.2_2026-08-21
2025-09-15,D+7,P2,34,46.0,33,82,gbr,volume_v3.2_2026-08-21
2025-09-16,D+7,P2,44,32.0,33,82,gbr,volume_v3.2_2026-08-21
2025-09-17,D+7,P2,35,39.0,33,82,gbr,volume_v3.2_2026-08-21
2025-09-18,D+7,P2,38,57.0,33,82,gbr,volume_v3.2_2026-08-21
2025-09-19,D+7,P2,36,39.0,33,82,gbr,volume_v3.2_2026-08-21
2025-09-20,D+7,P2,29,27.0,33,82,gbr,volume_v3.2_2026-08-21
2025-09-21,D+7,P2,26,18.0,33,82,gbr,volume_v3.2_2026-08-21
2025-09-22,D+7,P2,40,69.0,33,82,gbr,volume_v3.2_2026-08-21
2025-09-23,D+7,P2,49,69.0,33,82,gbr,volume_v3.2_2026-08-21
2025-09-24,D+7,P2,49,50.0,33,82,gbr,volume_v3.2_2026-08-21
2025-09-25,D+7,P2,55,42.0,33,82,gbr,volume_v3.2_2026-08-21
2025-09-26,D+7,P2,49,25.0,33,82,gbr,volume_v3.2_2026-08-21
2025-09-27,D+7,P2,35,13.0,33,82,gbr,volume_v3.2_2026-08-21
2025-09-28,D+7,P2,20,17.0,33,82,gbr,volume_v3.2_2026-08-21
2025-09-29,D+7,P2,51,33.0,33,82,gbr,volume_v3.2_2026-08-21
2025-09-30,D+7,P2,50,52.0,32,81,gbr,volume_v3.2_2026-08-21
2025-10-01,D+7,P2,45,38.0,28,73,gbr,volume_v3.2_2026-08-21
2025-10-02,D+7,P2,46,84.0,29,74,gbr,volume_v3.2_2026-08-21
2025-10-03,D+7,P2,26,73.0,13,49,gbr,volume_v3.2_2026-08-21
2025-10-04,D+7,P2,32,24.0,17,61,gbr,volume_v3.2_2026-08-21
2025-10-05,D+7,P2,17,11.0,7,39,gbr,volume_v3.2_2026-08-21
2025-10-06,D+7,P2,46,24.0,29,80,gbr,volume_v3.2_2026-08-21
2025-10-07,D+7,P2,39,34.0,22,72,gbr,volume_v3.2_2026-08-21
2025-10-08,D+7,P2,53,54.0,34,91,gbr,volume_v3.2_2026-08-21
2025-10-09,D+7,P2,61,35.0,40,100,gbr,volume_v3.2_2026-08-21
2025-10-10,D+7,P2,31,45.0,13,60,gbr,volume_v3.2_2026-08-21
2025-10-11,D+7,P2,24,9.0,8,49,gbr,volume_v3.2_2026-08-21
2025-10-12,D+7,P2,14,14.0,2,32,gbr,volume_v3.2_2026-08-21
2025-10-13,D+7,P2,34,33.0,16,63,gbr,volume_v3.2_2026-08-21
2025-10-14,D+7,P2,49,27.0,28,83,gbr,volume_v3.2_2026-08-21
2025-10-15,D+7,P2,44,48.0,23,77,gbr,volume_v3.2_2026-08-21
2025-10-16,D+7,P2,47,41.0,25,80,gbr,volume_v3.2_2026-08-21
2025-10-17,D+7,P2,43,32.0,22,75,gbr,volume_v3.2_2026-08-21
2025-10-18,D+7,P2,20,37.0,6,41,gbr,volume_v3.2_2026-08-21
2025-10-19,D+7,P2,14,19.0,2,32,gbr,volume_v3.2_2026-08-21
2025-10-20,D+7,P2,35,50.0,16,62,gbr,volume_v3.2_2026-08-21
2025-10-21,D+7,P2,36,51.0,18,63,gbr,volume_v3.2_2026-08-21
2025-10-22,D+7,P2,41,52.0,21,69,gbr,volume_v3.2_2026-08-21
2025-10-23,D+7,P2,51,53.0,29,81,gbr,volume_v3.2_2026-08-21
2025-10-24,D+7,P2,47,42.0,27,76,gbr,volume_v3.2_2026-08-21
2025-10-25,D+7,P2,23,17.0,9,42,gbr,volume_v3.2_2026-08-21
2025-10-26,D+7,P2,14,17.0,4,29,gbr,volume_v3.2_2026-08-21
2025-10-27,D+7,P2,41,42.0,24,66,gbr,volume_v3.2_2026-08-21
2025-10-28,D+7,P2,36,59.0,21,59,gbr,volume_v3.2_2026-08-21
2025-10-29,D+7,P2,49,26.0,31,75,gbr,volume_v3.2_2026-08-21
2025-10-30,D+7,P2,37,33.0,19,61,gbr,volume_v3.2_2026-08-21
2025-10-31,D+7,P2,41,45.0,22,65,gbr,volume_v3.2_2026-08-21
2025-11-01,D+7,P2,20,41.0,7,38,gbr,volume_v3.2_2026-08-21
2025-11-02,D+7,P2,16,26.0,4,32,gbr,volume_v3.2_2026-08-21
2025-11-03,D+7,P2,48,49.0,27,75,gbr,volume_v3.2_2026-08-21
2025-11-04,D+7,P2,45,52.0,25,72,gbr,volume_v3.2_2026-08-21
2025-11-05,D+7,P2,39,64.0,21,63,gbr,volume_v3.2_2026-08-21
2025-11-06,D+7,P2,41,21.0,21,67,gbr,volume_v3.2_2026-08-21
2025-11-07,D+7,P2,48,31.0,25,76,gbr,volume_v3.2_2026-08-21
2025-11-08,D+7,P2,20,17.0,5,37,gbr,volume_v3.2_2026-08-21
2025-11-09,D+7,P2,17,22.0,4,33,gbr,volume_v3.2_2026-08-21
2025-11-10,D+7,P2,40,44.0,20,65,gbr,volume_v3.2_2026-08-21
2025-11-11,D+7,P2,47,56.0,25,73,gbr,volume_v3.2_2026-08-21
2025-11-12,D+7,P2,43,46.0,22,67,gbr,volume_v3.2_2026-08-21
2025-11-13,D+7,P2,54,35.0,31,81,gbr,volume_v3.2_2026-08-21
2025-11-14,D+7,P2,40,23.0,20,63,gbr,volume_v3.2_2026-08-21
2025-11-15,D+7,P2,31,32.0,13,50,gbr,volume_v3.2_2026-08-21
2025-11-16,D+7,P2,24,16.0,9,42,gbr,volume_v3.2_2026-08-21
2025-11-17,D+7,P2,46,33.0,25,69,gbr,volume_v3.2_2026-08-21
2025-11-18,D+7,P2,39,66.0,20,58,gbr,volume_v3.2_2026-08-21
2025-11-19,D+7,P2,45,23.0,24,71,gbr,volume_v3.2_2026-08-21
2025-11-20,D+7,P2,32,23.0,14,54,gbr,volume_v3.2_2026-08-21
2025-11-21,D+7,P2,31,28.0,13,53,gbr,volume_v3.2_2026-08-21
2025-11-22,D+7,P2,20,20.0,6,37,gbr,volume_v3.2_2026-08-21
2025-11-23,D+7,P2,15,17.0,3,29,gbr,volume_v3.2_2026-08-21
2025-11-24,D+7,P2,30,31.0,12,50,gbr,volume_v3.2_2026-08-21
2025-11-25,D+7,P2,38,38.0,18,59,gbr,volume_v3.2_2026-08-21
2025-11-26,D+7,P2,36,56.0,17,55,gbr,volume_v3.2_2026-08-21
2025-11-27,D+7,P2,56,43.0,33,85,gbr,volume_v3.2_2026-08-21
2025-11-28,D+7,P2,36,39.0,18,59,gbr,volume_v3.2_2026-08-21
2025-11-29,D+7,P2,27,26.0,12,47,gbr,volume_v3.2_2026-08-21
2025-11-30,D+7,P2,22,24.0,8,40,gbr,volume_v3.2_2026-08-21
2025-12-01,D+7,P2,42,16.0,23,64,gbr,volume_v3.2_2026-08-21
2025-12-02,D+7,P2,43,55.0,22,66,gbr,volume_v3.2_2026-08-21
2025-12-03,D+7,P2,41,45.0,21,58,gbr,volume_v3.2_2026-08-21
2025-12-04,D+7,P2,43,33.0,23,60,gbr,volume_v3.2_2026-08-21
2025-12-05,D+7,P2,37,22.0,18,52,gbr,volume_v3.2_2026-08-21
2025-12-06,D+7,P2,17,14.0,5,27,gbr,volume_v3.2_2026-08-21
2025-12-07,D+7,P2,17,26.0,5,28,gbr,volume_v3.2_2026-08-21
2025-12-08,D+7,P2,32,54.0,16,46,gbr,volume_v3.2_2026-08-21
2025-12-09,D+7,P2,53,50.0,33,76,gbr,volume_v3.2_2026-08-21
2025-12-10,D+7,P2,40,31.0,23,59,gbr,volume_v3.2_2026-08-21
2025-12-11,D+7,P2,39,26.0,24,58,gbr,volume_v3.2_2026-08-21
2025-12-12,D+7,P2,41,41.0,25,59,gbr,volume_v3.2_2026-08-21
2025-12-13,D+7,P2,29,15.0,15,43,gbr,volume_v3.2_2026-08-21
2025-12-14,D+7,P2,21,24.0,9,36,gbr,volume_v3.2_2026-08-21
2025-12-15,D+7,P2,26,40.0,13,43,gbr,volume_v3.2_2026-08-21
2025-12-16,D+7,P2,35,39.0,20,53,gbr,volume_v3.2_2026-08-21
2025-12-17,D+7,P2,32,31.0,18,49,gbr,volume_v3.2_2026-08-21
2025-12-18,D+7,P2,31,59.0,18,46,gbr,volume_v3.2_2026-08-21
2025-12-19,D+7,P2,33,29.0,18,51,gbr,volume_v3.2_2026-08-21
2025-12-20,D+7,P2,19,22.0,8,33,gbr,volume_v3.2_2026-08-21
2025-12-21,D+7,P2,23,27.0,11,38,gbr,volume_v3.2_2026-08-21
2025-12-22,D+7,P2,35,28.0,20,52,gbr,volume_v3.2_2026-08-21
2025-12-23,D+7,P2,45,34.0,28,64,gbr,volume_v3.2_2026-08-21
2025-12-24,D+7,P2,41,28.0,25,58,gbr,volume_v3.2_2026-08-21
2025-12-25,D+7,P2,43,11.0,27,60,gbr,volume_v3.2_2026-08-21
2025-12-26,D+7,P2,29,16.0,16,46,gbr,volume_v3.2_2026-08-21
2025-12-27,D+7,P2,17,16.0,6,29,gbr,volume_v3.2_2026-08-21
2025-12-28,D+7,P2,21,13.0,9,32,gbr,volume_v3.2_2026-08-21
2025-12-29,D+7,P2,28,45.0,15,42,gbr,volume_v3.2_2026-08-21
2025-12-30,D+7,P2,34,27.0,19,52,gbr,volume_v3.2_2026-08-21
2025-12-31,D+7,P2,30,13.0,16,46,gbr,volume_v3.2_2026-08-21
2026-01-07,D+7,P2,41,,25,60,gbr,volume_v3.2_2026-08-21
2025-09-01,D+1,P3,76,119.0,148,258,gbr,volume_v3.2_2026-08-21
2025-09-02,D+1,P3,86,151.0,148,258,gbr,volume_v3.2_2026-08-21
2025-09-03,D+1,P3,97,109.0,148,258,gbr,volume_v3.2_2026-08-21
2025-09-04,D+1,P3,111,144.0,148,258,gbr,volume_v3.2_2026-08-21
2025-09-05,D+1,P3,97,124.0,148,258,gbr,volume_v3.2_2026-08-21
2025-09-06,D+1,P3,38,58.0,148,258,gbr,volume_v3.2_2026-08-21
2025-09-07,D+1,P3,29,57.0,148,258,gbr,volume_v3.2_2026-08-21
2025-09-08,D+1,P3,147,153.0,148,258,gbr,volume_v3.2_2026-08-21
2025-09-09,D+1,P3,147,142.0,148,258,gbr,volume_v3.2_2026-08-21
2025-09-10,D+1,P3,142,256.0,148,258,gbr,volume_v3.2_2026-08-21
2025-09-11,D+1,P3,167,152.0,148,258,gbr,volume_v3.2_2026-08-21
2025-09-12,D+1,P3,155,219.0,148,258,gbr,volume_v3.2_2026-08-21
2025-09-13,D+1,P3,55,102.0,148,258,gbr,volume_v3.2_2026-08-21
2025-09-14,D+1,P3,57,65.0,148,258,gbr,volume_v3.2_2026-08-21
2025-09-15,D+1,P3,163,178.0,148,258,gbr,volume_v3.2_2026-08-21
2025-09-16,D+1,P3,179,164.0,148,258,gbr,volume_v3.2_2026-08-21
2025-09-17,D+1,P3,181,164.0,148,258,gbr,volume_v3.2_2026-08-21
2025-09-18,D+1,P3,165,160.0,148,258,gbr,volume_v3.2_2026-08-21
2025-09-19,D+1,P3,172,148.0,148,258,gbr,volume_v3.2_2026-08-21
2025-09-20,D+1,P3,81,151.0,148,258,gbr,volume_v3.2_2026-08-21
2025-09-21,D+1,P3,114,88.0,148,258,gbr,volume_v3.2_2026-08-21
2025-09-22,D+1,P3,160,206.0,148,258,gbr,volume_v3.2_2026-08-21
2025-09-23,D+1,P3,185,225.0,148,258,gbr,volume_v3.2_2026-08-21
2025-09-24,D+1,P3,172,165.0,148,258,gbr,volume_v3.2_2026-08-21
2025-09-25,D+1,P3,163,145.0,148,258,gbr,volume_v3.2_2026-08-21
2025-09-26,D+1,P3,168,230.0,148,258,gbr,volume_v3.2_2026-08-21
2025-09-27,D+1,P3,124,102.0,148,258,gbr,volume_v3.2_2026-08-21
2025-09-28,D+1,P3,115,65.0,148,258,gbr,volume_v3.2_2026-08-21
2025-09-29,D+1,P3,173,148.0,148,258,gbr,volume_v3.2_2026-08-21
2025-09-30,D+1,P3,207,164.0,179,302,gbr,volume_v3.2_2026-08-21
2025-10-01,D+1,P3,168,124.0,138,257,gbr,volume_v3.2_2026-08-21
2025-10-02,D+1,P3,169,212.0,129,260,gbr,volume_v3.2_2026-08-21
2025-10-03,D+1,P3,154,281.0,118,240,gbr,volume_v3.2_2026-08-21
2025-10-04,D+1,P3,117,103.0,84,206,gbr,volume_v3.2_2026-08-21
2025-10-05,D+1,P3,93,98.0,63,169,gbr,volume_v3.2_2026-08-21
2025-10-06,D+1,P3,164,229.0,126,264,gbr,volume_v3.2_2026-08-21
2025-10-07,D+1,P3,170,146.0,132,269,gbr,volume_v3.2_2026-08-21
2025-10-08,D+1,P3,207,167.0,167,314,gbr,volume_v3.2_2026-08-21
2025-10-09,D+1,P3,155,162.0,120,246,gbr,volume_v3.2_2026-08-21
2025-10-10,D+1,P3,165,200.0,129,257,gbr,volume_v3.2_2026-08-21
2025-10-11,D+1,P3,95,98.0,68,164,gbr,volume_v3.2_2026-08-21
2025-10-12,D+1,P3,75,70.0,51,134,gbr,volume_v3.2_2026-08-21
2025-10-13,D+1,P3,171,90.0,136,258,gbr,volume_v3.2_2026-08-21
2025-10-14,D+1,P3,170,130.0,131,261,gbr,volume_v3.2_2026-08-21
2025-10-15,D+1,P3,184,130.0,140,284,gbr,volume_v3.2_2026-08-21
2025-10-16,D+1,P3,191,142.0,137,299,gbr,volume_v3.2_2026-08-21
2025-10-17,D+1,P3,181,113.0,129,284,gbr,volume_v3.2_2026-08-21
2025-10-18,D+1,P3,119,81.0,67,210,gbr,volume_v3.2_2026-08-21
2025-10-19,D+1,P3,79,93.0,38,151,gbr,volume_v3.2_2026-08-21
2025-10-20,D+1,P3,127,119.0,75,214,gbr,volume_v3.2_2026-08-21
2025-10-21,D+1,P3,174,178.0,115,274,gbr,volume_v3.2_2026-08-21
2025-10-22,D+1,P3,153,155.0,100,245,gbr,volume_v3.2_2026-08-21
2025-10-23,D+1,P3,156,177.0,104,247,gbr,volume_v3.2_2026-08-21
2025-10-24,D+1,P3,165,286.0,113,256,gbr,volume_v3.2_2026-08-21
2025-10-25,D+1,P3,107,74.0,61,201,gbr,volume_v3.2_2026-08-21
2025-10-26,D+1,P3,82,112.0,43,161,gbr,volume_v3.2_2026-08-21
2025-10-27,D+1,P3,173,117.0,119,283,gbr,volume_v3.2_2026-08-21
2025-10-28,D+1,P3,134,152.0,81,242,gbr,volume_v3.2_2026-08-21
2025-10-29,D+1,P3,142,175.0,88,249,gbr,volume_v3.2_2026-08-21
2025-10-30,D+1,P3,141,176.0,88,244,gbr,volume_v3.2_2026-08-21
2025-10-31,D+1,P3,199,242.0,138,317,gbr,volume_v3.2_2026-08-21
2025-11-01,D+1,P3,96,91.0,54,175,gbr,volume_v3.2_2026-08-21
2025-11-02,D+1,P3,120,94.0,73,205,gbr,volume_v3.2_2026-08-21
2025-11-03,D+1,P3,173,119.0,118,271,gbr,volume_v3.2_2026-08-21
2025-11-04,D+1,P3,185,131.0,128,283,gbr,volume_v3.2_2026-08-21
2025-11-05,D+1,P3,143,201.0,94,226,gbr,volume_v3.2_2026-08-21
2025-11-06,D+1,P3,152,131.0,101,233,gbr,volume_v3.2_2026-08-21
2025-11-07,D+1,P3,147,146.0,97,223,gbr,volume_v3.2_2026-08-21
2025-11-08,D+1,P3,100,91.0,59,161,gbr,volume_v3.2_2026-08-21
2025-11-09,D+1,P3,78,65.0,42,131,gbr,volume_v3.2_2026-08-21
2025-11-10,D+1,P3,124,199.0,79,180,gbr,volume_v3.2_2026-08-21
2025-11-11,D+1,P3,150,126.0,99,228,gbr,volume_v3.2_2026-08-21
2025-11-12,D+1,P3,134,115.0,87,207,gbr,volume_v3.2_2026-08-21
2025-11-13,D+1,P3,186,157.0,130,254,gbr,volume_v3.2_2026-08-21
2025-11-14,D+1,P3,192,98.0,136,262,gbr,volume_v3.2_2026-08-21
2025-11-15,D+1,P3,93,70.0,50,148,gbr,volume_v3.2_2026-08-21
2025-11-16,D+1,P3,71,66.0,34,116,gbr,volume_v3.2_2026-08-21
2025-11-17,D+1,P3,130,100.0,81,188,gbr,volume_v3.2_2026-08-21
2025-11-18,D+1,P3,172,103.0,116,238,gbr,volume_v3.2_2026-08-21
2025-11-19,D+1,P3,137,84.0,80,208,gbr,volume_v3.2_2026-08-21
2025-11-20,D+1,P3,118,52.0,66,171,gbr,volume_v3.2_2026-08-21
2025-11-21,D+1,P3,111,148.0,54,166,gbr,volume_v3.2_2026-08-21
2025-11-22,D+1,P3,86,204.0,37,133,gbr,volume_v3.2_2026-08-21
2025-11-23,D+1,P3,108,187.0,48,197,gbr,volume_v3.2_2026-08-21
2025-11-24,D+1,P3,165,259.0,92,273,gbr,volume_v3.2_2026-08-21
2025-11-25,D+1,P3,160,196.0,91,263,gbr,volume_v3.2_2026-08-21
2025-11-26,D+1,P3,143,199.0,79,235,gbr,volume_v3.2_2026-08-21
2025-11-27,D+1,P3,169,173.0,101,267,gbr,volume_v3.2_2026-08-21
2025-11-28,D+1,P3,152,211.0,88,244,gbr,volume_v3.2_2026-08-21
2025-11-29,D+1,P3,127,124.0,69,211,gbr,volume_v3.2_2026-08-21
2025-11-30,D+1,P3,112,100.0,58,191,gbr,volume_v3.2_2026-08-21
2025-12-01,D+1,P3,136,255.0,77,222,gbr,volume_v3.2_2026-08-21
2025-12-02,D+1,P3,188,213.0,116,316,gbr,volume_v3.2_2026-08-21
2025-12-03,D+1,P3,198,201.0,124,303,gbr,volume_v3.2_2026-08-21
2025-12-04,D+1,P3,173,181.0,105,271,gbr,volume_v3.2_2026-08-21
2025-12-05,D+1,P3,190,250.0,120,293,gbr,volume_v3.2_2026-08-21
2025-12-06,D+1,P3,128,121.0,70,211,gbr,volume_v3.2_2026-08-21
2025-12-07,D+1,P3,124,101.0,68,206,gbr,volume_v3.2_2026-08-21
2025-12-08,D+1,P3,163,162.0,100,256,gbr,volume_v3.2_2026-08-21
2025-12-09,D+1,P3,190,215.0,122,288,gbr,volume_v3.2_2026-08-21
2025-12-10,D+1,P3,228,174.0,155,335,gbr,volume_v3.2_2026-08-21
2025-12-11,D+1,P3,205,104.0,137,304,gbr,volume_v3.2_2026-08-21
2025-12-12,D+1,P3,170,129.0,101,265,gbr,volume_v3.2_2026-08-21
2025-12-13,D+1,P3,106,164.0,55,181,gbr,volume_v3.2_2026-08-21
2025-12-14,D+1,P3,107,169.0,57,182,gbr,volume_v3.2_2026-08-21
2025-12-15,D+1,P3,154,267.0,95,242,gbr,volume_v3.2_2026-08-21
2025-12-16,D+1,P3,188,351.0,118,296,gbr,volume_v3.2_2026-08-21
2025-12-17,D+1,P3,197,238.0,123,329,gbr,volume_v3.2_2026-08-21
2025-12-18,D+1,P3,191,284.0,121,321,gbr,volume_v3.2_2026-08-21
2025-12-19,D+1,P3,251,347.0,172,398,gbr,volume_v3.2_2026-08-21
2025-12-20,D+1,P3,125,321.0,71,227,gbr,volume_v3.2_2026-08-21
2025-12-21,D+1,P3,217,313.0,138,369,gbr,volume_v3.2_2026-08-21
2025-12-22,D+1,P3,354,616.0,256,544,gbr,volume_v3.2_2026-08-21
2025-12-23,D+1,P3,394,556.0,279,641,gbr,volume_v3.2_2026-08-21
2025-12-24,D+1,P3,493,410.0,368,765,gbr,volume_v3.2_2026-08-21
2025-12-25,D+1,P3,386,379.0,278,624,gbr,volume_v3.2_2026-08-21
2025-12-26,D+1,P3,353,412.0,252,578,gbr,volume_v3.2_2026-08-21
2025-12-27,D+1,P3,277,443.0,190,473,gbr,volume_v3.2_2026-08-21
2025-12-28,D+1,P3,428,387.0,323,665,gbr,volume_v3.2_2026-08-21
2025-12-29,D+1,P3,403,512.0,303,627,gbr,volume_v3.2_2026-08-21
2025-12-30,D+1,P3,416,467.0,317,637,gbr,volume_v3.2_2026-08-21
2025-12-31,D+1,P3,415,372.0,319,629,gbr,volume_v3.2_2026-08-21
2026-01-01,D+1,P3,395,,302,605,gbr,volume_v3.2_2026-08-21
2025-09-01,D+7,P3,69,119.0,138,249,gbr,volume_v3.2_2026-08-21
2025-09-02,D+7,P3,77,151.0,138,249,gbr,volume_v3.2_2026-08-21
2025-09-03,D+7,P3,82,109.0,138,249,gbr,volume_v3.2_2026-08-21
2025-09-04,D+7,P3,112,144.0,138,249,gbr,volume_v3.2_2026-08-21
2025-09-05,D+7,P3,90,124.0,138,249,gbr,volume_v3.2_2026-08-21
2025-09-06,D+7,P3,27,58.0,138,249,gbr,volume_v3.2_2026-08-21
2025-09-07,D+7,P3,26,57.0,138,249,gbr,volume_v3.2_2026-08-21
2025-09-08,D+7,P3,105,153.0,138,249,gbr,volume_v3.2_2026-08-21
2025-09-09,D+7,P3,100,142.0,138,249,gbr,volume_v3.2_2026-08-21
2025-09-10,D+7,P3,130,256.0,138,249,gbr,volume_v3.2_2026-08-21
2025-09-11,D+7,P3,177,152.0,138,249,gbr,volume_v3.2_2026-08-21
2025-09-12,D+7,P3,150,219.0,138,249,gbr,volume_v3.2_2026-08-21
2025-09-13,D+7,P3,54,102.0,138,249,gbr,volume_v3.2_2026-08-21
2025-09-14,D+7,P3,52,65.0,138,249,gbr,volume_v3.2_2026-08-21
2025-09-15,D+7,P3,161,178.0,138,249,gbr,volume_v3.2_2026-08-21
2025-09-16,D+7,P3,167,164.0,138,249,gbr,volume_v3.2_2026-08-21
2025-09-17,D+7,P3,203,164.0,138,249,gbr,volume_v3.2_2026-08-21
2025-09-18,D+7,P3,162,160.0,138,249,gbr,volume_v3.2_2026-08-21
2025-09-19,D+7,P3,160,148.0,138,249,gbr,volume_v3.2_2026-08-21
2025-09-20,D+7,P3,85,151.0,138,249,gbr,volume_v3.2_2026-08-21
2025-09-21,D+7,P3,106,88.0,138,249,gbr,volume_v3.2_2026-08-21
2025-09-22,D+7,P3,161,206.0,138,249,gbr,volume_v3.2_2026-08-21
2025-09-23,D+7,P3,169,225.0,138,249,gbr,volume_v3.2_2026-08-21
2025-09-24,D+7,P3,191,165.0,138,249,gbr,volume_v3.2_2026-08-21
2025-09-25,D+7,P3,173,145.0,138,249,gbr,volume_v3.2_2026-08-21
2025-09-26,D+7,P3,164,230.0,138,249,gbr,volume_v3.2_2026-08-21
2025-09-27,D+7,P3,119,102.0,138,249,gbr,volume_v3.2_2026-08-21
2025-09-28,D+7,P3,99,65.0,138,249,gbr,volume_v3.2_2026-08-21
2025-09-29,D+7,P3,163,148.0,138,249,gbr,volume_v3.2_2026-08-21
2025-09-30,D+7,P3,190,164.0,164,281,gbr,volume_v3.2_2026-08-21
2025-10-01,D+7,P3,188,124.0,162,277,gbr,volume_v3.2_2026-08-21
2025-10-02,D+7,P3,177,212.0,147,265,gbr,volume_v3.2_2026-08-21
2025-10-03,D+7,P3,180,281.0,152,268,gbr,volume_v3.2_2026-08-21
2025-10-04,D+7,P3,136,103.0,109,221,gbr,volume_v3.2_2026-08-21
2025-10-05,D+7,P3,99,98.0,71,172,gbr,volume_v3.2_2026-08-21
2025-10-06,D+7,P3,201,229.0,162,305,gbr,volume_v3.2_2026-08-21
2025-10-07,D+7,P3,188,146.0,150,288,gbr,volume_v3.2_2026-08-21
2025-10-08,D+7,P3,207,167.0,164,313,gbr,volume_v3.2_2026-08-21
2025-10-09,D+7,P3,193,162.0,153,295,gbr,volume_v3.2_2026-08-21
2025-10-10,D+7,P3,222,200.0,179,330,gbr,volume_v3.2_2026-08-21
2025-10-11,D+7,P3,153,98.0,118,242,gbr,volume_v3.2_2026-08-21
2025-10-12,D+7,P3,101,70.0,69,175,gbr,volume_v3.2_2026-08-21
2025-10-13,D+7,P3,216,90.0,169,323,gbr,volume_v3.2_2026-08-21
2025-10-14,D+7,P3,198,130.0,140,303,gbr,volume_v3.2_2026-08-21
2025-10-15,D+7,P3,176,130.0,114,278,gbr,volume_v3.2_2026-08-21
2025-10-16,D+7,P3,166,142.0,106,263,gbr,volume_v3.2_2026-08-21
2025-10-17,D+7,P3,220,113.0,151,330,gbr,volume_v3.2_2026-08-21
2025-10-18,D+7,P3,107,81.0,50,188,gbr,volume_v3.2_2026-08-21
2025-10-19,D+7,P3,97,93.0,46,172,gbr,volume_v3.2_2026-08-21
2025-10-20,D+7,P3,106,119.0,56,184,gbr,volume_v3.2_2026-08-21
2025-10-21,D+7,P3,145,178.0,87,234,gbr,volume_v3.2_2026-08-21
2025-10-22,D+7,P3,149,155.0,91,239,gbr,volume_v3.2_2026-08-21
2025-10-23,D+7,P3,151,177.0,92,240,gbr,volume_v3.2_2026-08-21
2025-10-24,D+7,P3,187,286.0,123,286,gbr,volume_v3.2_2026-08-21
2025-10-25,D+7,P3,110,74.0,59,188,gbr,volume_v3.2_2026-08-21
2025-10-26,D+7,P3,88,112.0,43,157,gbr,volume_v3.2_2026-08-21
2025-10-27,D+7,P3,202,117.0,135,306,gbr,volume_v3.2_2026-08-21
2025-10-28,D+7,P3,144,152.0,73,234,gbr,volume_v3.2_2026-08-21
2025-10-29,D+7,P3,153,175.0,83,245,gbr,volume_v3.2_2026-08-21
2025-10-30,D+7,P3,147,176.0,82,237,gbr,volume_v3.2_2026-08-21
2025-10-31,D+7,P3,179,242.0,110,277,gbr,volume_v3.2_2026-08-21
2025-11-01,D+7,P3,119,91.0,65,198,gbr,volume_v3.2_2026-08-21
2025-11-02,D+7,P3,112,94.0,61,187,gbr,volume_v3.2_2026-08-21
2025-11-03,D+7,P3,159,119.0,98,247,gbr,volume_v3.2_2026-08-21
2025-11-04,D+7,P3,200,131.0,132,297,gbr,volume_v3.2_2026-08-21
2025-11-05,D+7,P3,157,201.0,92,247,gbr,volume_v3.2_2026-08-21
2025-11-06,D+7,P3,189,131.0,120,287,gbr,volume_v3.2_2026-08-21
2025-11-07,D+7,P3,168,146.0,105,260,gbr,volume_v3.2_2026-08-21
2025-11-08,D+7,P3,81,91.0,37,145,gbr,volume_v3.2_2026-08-21
2025-11-09,D+7,P3,80,65.0,37,142,gbr,volume_v3.2_2026-08-21
2025-11-10,D+7,P3,156,199.0,96,231,gbr,volume_v3.2_2026-08-21
2025-11-11,D+7,P3,127,126.0,72,192,gbr,volume_v3.2_2026-08-21
2025-11-12,D+7,P3,145,115.0,87,208,gbr,volume_v3.2_2026-08-21
2025-11-13,D+7,P3,120,157.0,67,171,gbr,volume_v3.2_2026-08-21
2025-11-14,D+7,P3,200,98.0,133,265,gbr,volume_v3.2_2026-08-21
2025-11-15,D+7,P3,84,70.0,35,129,gbr,volume_v3.2_2026-08-21
2025-11-16,D+7,P3,85,66.0,38,130,gbr,volume_v3.2_2026-08-21
2025-11-17,D+7,P3,145,100.0,86,202,gbr,volume_v3.2_2026-08-21
2025-11-18,D+7,P3,143,103.0,85,199,gbr,volume_v3.2_2026-08-21
2025-11-19,D+7,P3,149,84.0,90,205,gbr,volume_v3.2_2026-08-21
2025-11-20,D+7,P3,122,52.0,60,172,gbr,volume_v3.2_2026-08-21
2025-11-21,D+7,P3,100,148.0,35,147,gbr,volume_v3.2_2026-08-21
2025-11-22,D+7,P3,90,204.0,23,139,gbr,volume_v3.2_2026-08-21
2025-11-23,D+7,P3,106,187.0,32,182,gbr,volume_v3.2_2026-08-21
2025-11-24,D+7,P3,114,259.0,33,208,gbr,volume_v3.2_2026-08-21
2025-11-25,D+7,P3,174,196.0,66,347,gbr,volume_v3.2_2026-08-21
2025-11-26,D+7,P3,167,199.0,65,333,gbr,volume_v3.2_2026-08-21
2025-11-27,D+7,P3,172,173.0,71,337,gbr,volume_v3.2_2026-08-21
2025-11-28,D+7,P3,178,211.0,78,342,gbr,volume_v3.2_2026-08-21
2025-11-29,D+7,P3,130,124.0,47,267,gbr,volume_v3.2_2026-08-21
2025-11-30,D+7,P3,92,100.0,23,201,gbr,volume_v3.2_2026-08-21
2025-12-01,D+7,P3,138,255.0,53,261,gbr,volume_v3.2_2026-08-21
2025-12-02,D+7,P3,220,213.0,113,383,gbr,volume_v3.2_2026-08-21
2025-12-03,D+7,P3,212,201.0,107,366,gbr,volume_v3.2_2026-08-21
2025-12-04,D+7,P3,134,181.0,50,252,gbr,volume_v3.2_2026-08-21
2025-12-05,D+7,P3,185,250.0,88,319,gbr,volume_v3.2_2026-08-21
2025-12-06,D+7,P3,130,121.0,50,238,gbr,volume_v3.2_2026-08-21
2025-12-07,D+7,P3,148,101.0,65,259,gbr,volume_v3.2_2026-08-21
2025-12-08,D+7,P3,175,162.0,86,290,gbr,volume_v3.2_2026-08-21
2025-12-09,D+7,P3,171,215.0,85,280,gbr,volume_v3.2_2026-08-21
2025-12-10,D+7,P3,178,174.0,92,284,gbr,volume_v3.2_2026-08-21
2025-12-11,D+7,P3,155,104.0,76,252,gbr,volume_v3.2_2026-08-21
2025-12-12,D+7,P3,173,129.0,91,275,gbr,volume_v3.2_2026-08-21
2025-12-13,D+7,P3,92,164.0,37,164,gbr,volume_v3.2_2026-08-21
2025-12-14,D+7,P3,123,169.0,61,208,gbr,volume_v3.2_2026-08-21
2025-12-15,D+7,P3,125,267.0,64,209,gbr,volume_v3.2_2026-08-21
2025-12-16,D+7,P3,195,351.0,112,331,gbr,volume_v3.2_2026-08-21
2025-12-17,D+7,P3,233,238.0,146,411,gbr,volume_v3.2_2026-08-21
2025-12-18,D+7,P3,249,284.0,161,431,gbr,volume_v3.2_2026-08-21
2025-12-19,D+7,P3,299,347.0,205,496,gbr,volume_v3.2_2026-08-21
2025-12-20,D+7,P3,158,321.0,91,299,gbr,volume_v3.2_2026-08-21
2025-12-21,D+7,P3,218,313.0,132,405,gbr,volume_v3.2_2026-08-21
2025-12-22,D+7,P3,204,616.0,123,382,gbr,volume_v3.2_2026-08-21
2025-12-23,D+7,P3,217,556.0,127,411,gbr,volume_v3.2_2026-08-21
2025-12-24,D+7,P3,286,410.0,178,674,gbr,volume_v3.2_2026-08-21
2025-12-25,D+7,P3,416,379.0,288,852,gbr,volume_v3.2_2026-08-21
2025-12-26,D+7,P3,409,412.0,283,807,gbr,volume_v3.2_2026-08-21
2025-12-27,D+7,P3,302,443.0,201,614,gbr,volume_v3.2_2026-08-21
2025-12-28,D+7,P3,403,387.0,290,731,gbr,volume_v3.2_2026-08-21
2025-12-29,D+7,P3,410,512.0,300,706,gbr,volume_v3.2_2026-08-21
2025-12-30,D+7,P3,492,467.0,375,793,gbr,volume_v3.2_2026-08-21
2025-12-31,D+7,P3,477,372.0,363,771,gbr,volume_v3.2_2026-08-21
2026-01-07,D+7,P3,297,,207,528,gbr,volume_v3.2_2026-08-21
2025-09-01,D+1,P4,24,706.0,329,537,ultimo,volume_v3.2_2026-08-21
2025-09-02,D+1,P4,706,680.0,329,537,ultimo,volume_v3.2_2026-08-21
2025-09-03,D+1,P4,680,882.0,329,537,ultimo,volume_v3.2_2026-08-21
2025-09-04,D+1,P4,882,940.0,329,537,ultimo,volume_v3.2_2026-08-21
2025-09-05,D+1,P4,940,814.0,329,537,ultimo,volume_v3.2_2026-08-21
2025-09-06,D+1,P4,814,307.0,329,537,ultimo,volume_v3.2_2026-08-21
2025-09-07,D+1,P4,307,272.0,329,537,ultimo,volume_v3.2_2026-08-21
2025-09-08,D+1,P4,272,279.0,329,537,ultimo,volume_v3.2_2026-08-21
2025-09-09,D+1,P4,279,382.0,329,537,ultimo,volume_v3.2_2026-08-21
2025-09-10,D+1,P4,382,318.0,329,537,ultimo,volume_v3.2_2026-08-21
2025-09-11,D+1,P4,318,297.0,329,537,ultimo,volume_v3.2_2026-08-21
2025-09-12,D+1,P4,297,315.0,329,537,ultimo,volume_v3.2_2026-08-21
2025-09-13,D+1,P4,315,428.0,329,537,ultimo,volume_v3.2_2026-08-21
2025-09-14,D+1,P4,428,376.0,329,537,ultimo,volume_v3.2_2026-08-21
2025-09-15,D+1,P4,376,371.0,329,537,ultimo,volume_v3.2_2026-08-21
2025-09-16,D+1,P4,371,379.0,329,537,ultimo,volume_v3.2_2026-08-21
2025-09-17,D+1,P4,379,347.0,329,537,ultimo,volume_v3.2_2026-08-21
2025-09-18,D+1,P4,347,360.0,329,537,ultimo,volume_v3.2_2026-08-21
2025-09-19,D+1,P4,360,413.0,329,537,ultimo,volume_v3.2_2026-08-21
2025-09-20,D+1,P4,413,466.0,329,537,ultimo,volume_v3.2_2026-08-21
2025-09-21,D+1,P4,466,522.0,329,537,ultimo,volume_v3.2_2026-08-21
2025-09-22,D+1,P4,522,490.0,329,537,ultimo,volume_v3.2_2026-08-21
2025-09-23,D+1,P4,490,401.0,329,537,ultimo,volume_v3.2_2026-08-21
2025-09-24,D+1,P4,401,305.0,329,537,ultimo,volume_v3.2_2026-08-21
2025-09-25,D+1,P4,305,401.0,329,537,ultimo,volume_v3.2_2026-08-21
2025-09-26,D+1,P4,401,379.0,329,537,ultimo,volume_v3.2_2026-08-21
2025-09-27,D+1,P4,379,424.0,329,537,ultimo,volume_v3.2_2026-08-21
2025-09-28,D+1,P4,424,411.0,329,537,ultimo,volume_v3.2_2026-08-21
2025-09-29,D+1,P4,411,456.0,329,537,ultimo,volume_v3.2_2026-08-21
2025-09-30,D+1,P4,456,514.0,370,588,ultimo,volume_v3.2_2026-08-21
2025-10-01,D+1,P4,514,540.0,424,653,ultimo,volume_v3.2_2026-08-21
2025-10-02,D+1,P4,540,540.0,451,679,ultimo,volume_v3.2_2026-08-21
2025-10-03,D+1,P4,540,623.0,455,676,ultimo,volume_v3.2_2026-08-21
2025-10-04,D+1,P4,623,570.0,535,766,ultimo,volume_v3.2_2026-08-21
2025-10-05,D+1,P4,570,436.0,490,703,ultimo,volume_v3.2_2026-08-21
2025-10-06,D+1,P4,436,458.0,351,556,ultimo,volume_v3.2_2026-08-21
2025-10-07,D+1,P4,458,656.0,372,578,ultimo,volume_v3.2_2026-08-21
2025-10-08,D+1,P4,656,724.0,552,817,ultimo,volume_v3.2_2026-08-21
2025-10-09,D+1,P4,724,802.0,615,892,ultimo,volume_v3.2_2026-08-21
2025-10-10,D+1,P4,802,617.0,688,977,ultimo,volume_v3.2_2026-08-21
2025-10-11,D+1,P4,617,427.0,507,772,ultimo,volume_v3.2_2026-08-21
2025-10-12,D+1,P4,427,406.0,314,558,ultimo,volume_v3.2_2026-08-21
2025-10-13,D+1,P4,406,450.0,299,533,ultimo,volume_v3.2_2026-08-21
2025-10-14,D+1,P4,450,538.0,341,583,ultimo,volume_v3.2_2026-08-21
2025-10-15,D+1,P4,538,436.0,423,682,ultimo,volume_v3.2_2026-08-21
2025-10-16,D+1,P4,436,398.0,336,565,ultimo,volume_v3.2_2026-08-21
2025-10-17,D+1,P4,398,359.0,304,518,ultimo,volume_v3.2_2026-08-21
2025-10-18,D+1,P4,359,464.0,272,470,ultimo,volume_v3.2_2026-08-21
2025-10-19,D+1,P4,464,396.0,367,587,ultimo,volume_v3.2_2026-08-21
2025-10-20,D+1,P4,396,386.0,308,507,ultimo,volume_v3.2_2026-08-21
2025-10-21,D+1,P4,386,440.0,301,495,ultimo,volume_v3.2_2026-08-21
2025-10-22,D+1,P4,440,503.0,350,556,ultimo,volume_v3.2_2026-08-21
2025-10-23,D+1,P4,503,431.0,409,627,ultimo,volume_v3.2_2026-08-21
2025-10-24,D+1,P4,431,498.0,346,545,ultimo,volume_v3.2_2026-08-21
2025-10-25,D+1,P4,498,499.0,407,613,ultimo,volume_v3.2_2026-08-21
2025-10-26,D+1,P4,499,387.0,408,606,ultimo,volume_v3.2_2026-08-21
2025-10-27,D+1,P4,387,399.0,300,495,ultimo,volume_v3.2_2026-08-21
2025-10-28,D+1,P4,399,427.0,313,501,ultimo,volume_v3.2_2026-08-21
2025-10-29,D+1,P4,427,391.0,339,525,ultimo,volume_v3.2_2026-08-21
2025-10-30,D+1,P4,391,393.0,309,477,ultimo,volume_v3.2_2026-08-21
2025-10-31,D+1,P4,393,385.0,312,474,ultimo,volume_v3.2_2026-08-21
2025-11-01,D+1,P4,385,416.0,305,453,ultimo,volume_v3.2_2026-08-21
2025-11-02,D+1,P4,416,416.0,333,485,ultimo,volume_v3.2_2026-08-21
2025-11-03,D+1,P4,416,356.0,333,479,ultimo,volume_v3.2_2026-08-21
2025-11-04,D+1,P4,356,334.0,280,413,ultimo,volume_v3.2_2026-08-21
2025-11-05,D+1,P4,334,359.0,274,389,ultimo,volume_v3.2_2026-08-21
2025-11-06,D+1,P4,359,316.0,298,416,ultimo,volume_v3.2_2026-08-21
2025-11-07,D+1,P4,316,362.0,259,369,ultimo,volume_v3.2_2026-08-21
2025-11-08,D+1,P4,362,411.0,301,418,ultimo,volume_v3.2_2026-08-21
2025-11-09,D+1,P4,411,408.0,347,468,ultimo,volume_v3.2_2026-08-21
2025-11-10,D+1,P4,408,386.0,348,465,ultimo,volume_v3.2_2026-08-21
2025-11-11,D+1,P4,386,424.0,329,441,ultimo,volume_v3.2_2026-08-21
2025-11-12,D+1,P4,424,369.0,366,481,ultimo,volume_v3.2_2026-08-21
2025-11-13,D+1,P4,369,371.0,315,422,ultimo,volume_v3.2_2026-08-21
2025-11-14,D+1,P4,371,415.0,318,424,ultimo,volume_v3.2_2026-08-21
2025-11-15,D+1,P4,415,425.0,359,470,ultimo,volume_v3.2_2026-08-21
2025-11-16,D+1,P4,425,444.0,370,481,ultimo,volume_v3.2_2026-08-21
2025-11-17,D+1,P4,444,472.0,389,501,ultimo,volume_v3.2_2026-08-21
2025-11-18,D+1,P4,472,564.0,417,531,ultimo,volume_v3.2_2026-08-21
2025-11-19,D+1,P4,564,572.0,498,629,ultimo,volume_v3.2_2026-08-21
2025-11-20,D+1,P4,572,504.0,507,637,ultimo,volume_v3.2_2026-08-21
2025-11-21,D+1,P4,504,506.0,438,566,ultimo,volume_v3.2_2026-08-21
2025-11-22,D+1,P4,506,503.0,440,568,ultimo,volume_v3.2_2026-08-21
2025-11-23,D+1,P4,503,595.0,441,564,ultimo,volume_v3.2_2026-08-21
2025-11-24,D+1,P4,595,529.0,529,666,ultimo,volume_v3.2_2026-08-21
2025-11-25,D+1,P4,529,480.0,466,593,ultimo,volume_v3.2_2026-08-21
2025-11-26,D+1,P4,480,514.0,421,540,ultimo,volume_v3.2_2026-08-21
2025-11-27,D+1,P4,514,502.0,453,576,ultimo,volume_v3.2_2026-08-21
2025-11-28,D+1,P4,502,517.0,442,563,ultimo,volume_v3.2_2026-08-21
2025-11-29,D+1,P4,517,555.0,456,579,ultimo,volume_v3.2_2026-08-21
2025-11-30,D+1,P4,555,603.0,492,618,ultimo,volume_v3.2_2026-08-21
2025-12-01,D+1,P4,603,528.0,537,668,ultimo,volume_v3.2_2026-08-21
2025-12-02,D+1,P4,528,490.0,463,591,ultimo,volume_v3.2_2026-08-21
2025-12-03,D+1,P4,490,446.0,428,548,ultimo,volume_v3.2_2026-08-21
2025-12-04,D+1,P4,446,501.0,388,501,ultimo,volume_v3.2_2026-08-21
2025-12-05,D+1,P4,501,535.0,441,560,ultimo,volume_v3.2_2026-08-21
2025-12-06,D+1,P4,535,562.0,473,595,ultimo,volume_v3.2_2026-08-21
2025-12-07,D+1,P4,562,550.0,500,623,ultimo,volume_v3.2_2026-08-21
2025-12-08,D+1,P4,550,516.0,490,608,ultimo,volume_v3.2_2026-08-21
2025-12-09,D+1,P4,516,565.0,460,567,ultimo,volume_v3.2_2026-08-21
2025-12-10,D+1,P4,565,518.0,513,618,ultimo,volume_v3.2_2026-08-21
2025-12-11,D+1,P4,518,556.0,472,568,ultimo,volume_v3.2_2026-08-21
2025-12-12,D+1,P4,556,500.0,509,607,ultimo,volume_v3.2_2026-08-21
2025-12-13,D+1,P4,500,491.0,450,550,ultimo,volume_v3.2_2026-08-21
2025-12-14,D+1,P4,491,447.0,442,537,ultimo,volume_v3.2_2026-08-21
2025-12-15,D+1,P4,447,399.0,404,491,ultimo,volume_v3.2_2026-08-21
2025-12-16,D+1,P4,399,638.0,354,442,ultimo,volume_v3.2_2026-08-21
2025-12-17,D+1,P4,638,718.0,581,701,ultimo,volume_v3.2_2026-08-21
2025-12-18,D+1,P4,718,590.0,656,787,ultimo,volume_v3.2_2026-08-21
2025-12-19,D+1,P4,590,442.0,531,653,ultimo,volume_v3.2_2026-08-21
2025-12-20,D+1,P4,442,558.0,385,497,ultimo,volume_v3.2_2026-08-21
2025-12-21,D+1,P4,558,616.0,492,625,ultimo,volume_v3.2_2026-08-21
2025-12-22,D+1,P4,616,558.0,548,680,ultimo,volume_v3.2_2026-08-21
2025-12-23,D+1,P4,558,470.0,495,619,ultimo,volume_v3.2_2026-08-21
2025-12-24,D+1,P4,470,370.0,409,526,ultimo,volume_v3.2_2026-08-21
2025-12-25,D+1,P4,370,297.0,312,420,ultimo,volume_v3.2_2026-08-21
2025-12-26,D+1,P4,297,432.0,240,345,ultimo,volume_v3.2_2026-08-21
2025-12-27,D+1,P4,432,459.0,355,517,ultimo,volume_v3.2_2026-08-21
2025-12-28,D+1,P4,459,387.0,381,544,ultimo,volume_v3.2_2026-08-21
2025-12-29,D+1,P4,387,344.0,316,462,ultimo,volume_v3.2_2026-08-21
2025-12-30,D+1,P4,344,365.0,278,412,ultimo,volume_v3.2_2026-08-21
2025-12-31,D+1,P4,365,367.0,298,432,ultimo,volume_v3.2_2026-08-21
2026-01-01,D+1,P4,367,,300,434,ultimo,volume_v3.2_2026-08-21
2025-09-01,D+7,P4,24,706.0,361,1742,gbr,volume_v3.2_2026-08-21
2025-09-02,D+7,P4,63,680.0,361,1742,gbr,volume_v3.2_2026-08-21
2025-09-03,D+7,P4,58,882.0,361,1742,gbr,volume_v3.2_2026-08-21
2025-09-04,D+7,P4,165,940.0,361,1742,gbr,volume_v3.2_2026-08-21
2025-09-05,D+7,P4,435,814.0,361,1742,gbr,volume_v3.2_2026-08-21
2025-09-06,D+7,P4,222,307.0,361,1742,gbr,volume_v3.2_2026-08-21
2025-09-07,D+7,P4,87,272.0,361,1742,gbr,volume_v3.2_2026-08-21
2025-09-08,D+7,P4,617,279.0,361,1742,gbr,volume_v3.2_2026-08-21
2025-09-09,D+7,P4,300,382.0,361,1742,gbr,volume_v3.2_2026-08-21
2025-09-10,D+7,P4,340,318.0,361,1742,gbr,volume_v3.2_2026-08-21
2025-09-11,D+7,P4,459,297.0,361,1742,gbr,volume_v3.2_2026-08-21
2025-09-12,D+7,P4,325,315.0,361,1742,gbr,volume_v3.2_2026-08-21
2025-09-13,D+7,P4,284,428.0,361,1742,gbr,volume_v3.2_2026-08-21
2025-09-14,D+7,P4,298,376.0,361,1742,gbr,volume_v3.2_2026-08-21
2025-09-15,D+7,P4,297,371.0,361,1742,gbr,volume_v3.2_2026-08-21
2025-09-16,D+7,P4,330,379.0,361,1742,gbr,volume_v3.2_2026-08-21
2025-09-17,D+7,P4,355,347.0,361,1742,gbr,volume_v3.2_2026-08-21
2025-09-18,D+7,P4,347,360.0,361,1742,gbr,volume_v3.2_2026-08-21
2025-09-19,D+7,P4,346,413.0,361,1742,gbr,volume_v3.2_2026-08-21
2025-09-20,D+7,P4,392,466.0,361,1742,gbr,volume_v3.2_2026-08-21
2025-09-21,D+7,P4,413,522.0,361,1742,gbr,volume_v3.2_2026-08-21
2025-09-22,D+7,P4,366,490.0,361,1742,gbr,volume_v3.2_2026-08-21
2025-09-23,D+7,P4,395,401.0,361,1742,gbr,volume_v3.2_2026-08-21
2025-09-24,D+7,P4,397,305.0,361,1742,gbr,volume_v3.2_2026-08-21
2025-09-25,D+7,P4,381,401.0,361,1742,gbr,volume_v3.2_2026-08-21
2025-09-26,D+7,P4,399,379.0,361,1742,gbr,volume_v3.2_2026-08-21
2025-09-27,D+7,P4,410,424.0,361,1742,gbr,volume_v3.2_2026-08-21
2025-09-28,D+7,P4,445,411.0,361,1742,gbr,volume_v3.2_2026-08-21
2025-09-29,D+7,P4,412,456.0,361,1742,gbr,volume_v3.2_2026-08-21
2025-09-30,D+7,P4,396,514.0,357,1637,gbr,volume_v3.2_2026-08-21
2025-10-01,D+7,P4,354,540.0,325,1433,gbr,volume_v3.2_2026-08-21
2025-10-02,D+7,P4,406,540.0,376,1400,gbr,volume_v3.2_2026-08-21
2025-10-03,D+7,P4,465,623.0,435,1354,gbr,volume_v3.2_2026-08-21
2025-10-04,D+7,P4,539,570.0,508,1300,gbr,volume_v3.2_2026-08-21
2025-10-05,D+7,P4,484,436.0,456,1014,gbr,volume_v3.2_2026-08-21
2025-10-06,D+7,P4,432,458.0,394,1178,gbr,volume_v3.2_2026-08-21
2025-10-07,D+7,P4,427,656.0,392,992,gbr,volume_v3.2_2026-08-21
2025-10-08,D+7,P4,416,724.0,384,820,gbr,volume_v3.2_2026-08-21
2025-10-09,D+7,P4,579,802.0,543,1046,gbr,volume_v3.2_2026-08-21
2025-10-10,D+7,P4,509,617.0,477,938,gbr,volume_v3.2_2026-08-21
2025-10-11,D+7,P4,547,427.0,517,984,gbr,volume_v3.2_2026-08-21
2025-10-12,D+7,P4,544,406.0,498,993,gbr,volume_v3.2_2026-08-21
2025-10-13,D+7,P4,512,450.0,407,982,gbr,volume_v3.2_2026-08-21
2025-10-14,D+7,P4,494,538.0,399,927,gbr,volume_v3.2_2026-08-21
2025-10-15,D+7,P4,504,436.0,419,934,gbr,volume_v3.2_2026-08-21
2025-10-16,D+7,P4,494,398.0,414,910,gbr,volume_v3.2_2026-08-21
2025-10-17,D+7,P4,462,359.0,364,881,gbr,volume_v3.2_2026-08-21
2025-10-18,D+7,P4,368,464.0,275,927,gbr,volume_v3.2_2026-08-21
2025-10-19,D+7,P4,364,396.0,272,747,gbr,volume_v3.2_2026-08-21
2025-10-20,D+7,P4,364,386.0,273,736,gbr,volume_v3.2_2026-08-21
2025-10-21,D+7,P4,403,440.0,309,787,gbr,volume_v3.2_2026-08-21
2025-10-22,D+7,P4,418,503.0,322,800,gbr,volume_v3.2_2026-08-21
2025-10-23,D+7,P4,633,431.0,517,1093,gbr,volume_v3.2_2026-08-21
2025-10-24,D+7,P4,489,498.0,378,912,gbr,volume_v3.2_2026-08-21
2025-10-25,D+7,P4,501,499.0,391,921,gbr,volume_v3.2_2026-08-21
2025-10-26,D+7,P4,468,387.0,363,864,gbr,volume_v3.2_2026-08-21
2025-10-27,D+7,P4,468,399.0,365,850,gbr,volume_v3.2_2026-08-21
2025-10-28,D+7,P4,460,427.0,359,822,gbr,volume_v3.2_2026-08-21
2025-10-29,D+7,P4,485,391.0,382,838,gbr,volume_v3.2_2026-08-21
2025-10-30,D+7,P4,558,393.0,448,916,gbr,volume_v3.2_2026-08-21
2025-10-31,D+7,P4,429,385.0,325,782,gbr,volume_v3.2_2026-08-21
2025-11-01,D+7,P4,402,416.0,303,661,gbr,volume_v3.2_2026-08-21
2025-11-02,D+7,P4,394,416.0,297,596,gbr,volume_v3.2_2026-08-21
2025-11-03,D+7,P4,432,356.0,331,626,gbr,volume_v3.2_2026-08-21
2025-11-04,D+7,P4,457,334.0,355,637,gbr,volume_v3.2_2026-08-21
2025-11-05,D+7,P4,411,359.0,299,575,gbr,volume_v3.2_2026-08-21
2025-11-06,D+7,P4,420,316.0,309,581,gbr,volume_v3.2_2026-08-21
2025-11-07,D+7,P4,415,362.0,306,554,gbr,volume_v3.2_2026-08-21
2025-11-08,D+7,P4,426,411.0,321,565,gbr,volume_v3.2_2026-08-21
2025-11-09,D+7,P4,358,408.0,262,484,gbr,volume_v3.2_2026-08-21
2025-11-10,D+7,P4,377,386.0,279,505,gbr,volume_v3.2_2026-08-21
2025-11-11,D+7,P4,356,424.0,267,480,gbr,volume_v3.2_2026-08-21
2025-11-12,D+7,P4,407,369.0,313,540,gbr,volume_v3.2_2026-08-21
2025-11-13,D+7,P4,458,371.0,358,587,gbr,volume_v3.2_2026-08-21
2025-11-14,D+7,P4,361,415.0,273,474,gbr,volume_v3.2_2026-08-21
2025-11-15,D+7,P4,406,425.0,314,524,gbr,volume_v3.2_2026-08-21
2025-11-16,D+7,P4,382,444.0,293,494,gbr,volume_v3.2_2026-08-21
2025-11-17,D+7,P4,375,472.0,288,484,gbr,volume_v3.2_2026-08-21
2025-11-18,D+7,P4,413,564.0,323,525,gbr,volume_v3.2_2026-08-21
2025-11-19,D+7,P4,422,572.0,326,555,gbr,volume_v3.2_2026-08-21
2025-11-20,D+7,P4,536,504.0,425,701,gbr,volume_v3.2_2026-08-21
2025-11-21,D+7,P4,525,506.0,416,686,gbr,volume_v3.2_2026-08-21
2025-11-22,D+7,P4,503,503.0,397,658,gbr,volume_v3.2_2026-08-21
2025-11-23,D+7,P4,493,595.0,389,644,gbr,volume_v3.2_2026-08-21
2025-11-24,D+7,P4,551,529.0,450,708,gbr,volume_v3.2_2026-08-21
2025-11-25,D+7,P4,604,480.0,498,765,gbr,volume_v3.2_2026-08-21
2025-11-26,D+7,P4,504,514.0,393,662,gbr,volume_v3.2_2026-08-21
2025-11-27,D+7,P4,503,502.0,393,658,gbr,volume_v3.2_2026-08-21
2025-11-28,D+7,P4,496,517.0,388,647,gbr,volume_v3.2_2026-08-21
2025-11-29,D+7,P4,439,555.0,338,580,gbr,volume_v3.2_2026-08-21
2025-11-30,D+7,P4,483,603.0,379,626,gbr,volume_v3.2_2026-08-21
2025-12-01,D+7,P4,557,528.0,447,687,gbr,volume_v3.2_2026-08-21
2025-12-02,D+7,P4,503,490.0,401,621,gbr,volume_v3.2_2026-08-21
2025-12-03,D+7,P4,535,446.0,431,650,gbr,volume_v3.2_2026-08-21
2025-12-04,D+7,P4,406,501.0,318,506,gbr,volume_v3.2_2026-08-21
2025-12-05,D+7,P4,461,535.0,369,568,gbr,volume_v3.2_2026-08-21
2025-12-06,D+7,P4,465,562.0,372,571,gbr,volume_v3.2_2026-08-21
2025-12-07,D+7,P4,457,550.0,365,559,gbr,volume_v3.2_2026-08-21
2025-12-08,D+7,P4,452,516.0,361,551,gbr,volume_v3.2_2026-08-21
2025-12-09,D+7,P4,403,565.0,317,494,gbr,volume_v3.2_2026-08-21
2025-12-10,D+7,P4,444,518.0,354,541,gbr,volume_v3.2_2026-08-21
2025-12-11,D+7,P4,467,556.0,376,566,gbr,volume_v3.2_2026-08-21
2025-12-12,D+7,P4,493,500.0,404,594,gbr,volume_v3.2_2026-08-21
2025-12-13,D+7,P4,459,491.0,374,556,gbr,volume_v3.2_2026-08-21
2025-12-14,D+7,P4,475,447.0,390,574,gbr,volume_v3.2_2026-08-21
2025-12-15,D+7,P4,476,399.0,392,574,gbr,volume_v3.2_2026-08-21
2025-12-16,D+7,P4,493,638.0,410,592,gbr,volume_v3.2_2026-08-21
2025-12-17,D+7,P4,572,718.0,483,684,gbr,volume_v3.2_2026-08-21
2025-12-18,D+7,P4,599,590.0,506,717,gbr,volume_v3.2_2026-08-21
2025-12-19,D+7,P4,511,442.0,427,619,gbr,volume_v3.2_2026-08-21
2025-12-20,D+7,P4,549,558.0,462,660,gbr,volume_v3.2_2026-08-21
2025-12-21,D+7,P4,440,616.0,362,539,gbr,volume_v3.2_2026-08-21
2025-12-22,D+7,P4,462,558.0,380,575,gbr,volume_v3.2_2026-08-21
2025-12-23,D+7,P4,585,470.0,496,710,gbr,volume_v3.2_2026-08-21
2025-12-24,D+7,P4,448,370.0,367,564,gbr,volume_v3.2_2026-08-21
2025-12-25,D+7,P4,370,297.0,296,474,gbr,volume_v3.2_2026-08-21
2025-12-26,D+7,P4,434,432.0,355,545,gbr,volume_v3.2_2026-08-21
2025-12-27,D+7,P4,402,459.0,326,507,gbr,volume_v3.2_2026-08-21
2025-12-28,D+7,P4,410,387.0,333,515,gbr,volume_v3.2_2026-08-21
2025-12-29,D+7,P4,455,344.0,376,564,gbr,volume_v3.2_2026-08-21
2025-12-30,D+7,P4,413,365.0,336,523,gbr,volume_v3.2_2026-08-21
2025-12-31,D+7,P4,411,367.0,335,519,gbr,volume_v3.2_2026-08-21
2026-01-07,D+7,P4,447,,367,559,gbr,volume_v3.2_2026-08-21
2025-09-01,D+1,P5,0,0.0,0,0,gbr,volume_v3.2_2026-08-21
2025-09-02,D+1,P5,0,0.0,0,0,gbr,volume_v3.2_2026-08-21
2025-09-03,D+1,P5,0,0.0,0,0,gbr,volume_v3.2_2026-08-21
2025-09-04,D+1,P5,0,0.0,0,0,gbr,volume_v3.2_2026-08-21
2025-09-05,D+1,P5,0,0.0,0,0,gbr,volume_v3.2_2026-08-21
2025-09-06,D+1,P5,0,0.0,0,0,gbr,volume_v3.2_2026-08-21
2025-09-07,D+1,P5,0,0.0,0,0,gbr,volume_v3.2_2026-08-21
2025-09-08,D+1,P5,0,0.0,0,0,gbr,volume_v3.2_2026-08-21
2025-09-09,D+1,P5,0,0.0,0,0,gbr,volume_v3.2_2026-08-21
2025-09-10,D+1,P5,0,0.0,0,0,gbr,volume_v3.2_2026-08-21
2025-09-11,D+1,P5,0,0.0,0,0,gbr,volume_v3.2_2026-08-21
2025-09-12,D+1,P5,0,0.0,0,0,gbr,volume_v3.2_2026-08-21
2025-09-13,D+1,P5,0,0.0,0,0,gbr,volume_v3.2_2026-08-21
2025-09-14,D+1,P5,0,0.0,0,0,gbr,volume_v3.2_2026-08-21
2025-09-15,D+1,P5,0,1.0,0,0,gbr,volume_v3.2_2026-08-21
2025-09-16,D+1,P5,0,0.0,0,0,gbr,volume_v3.2_2026-08-21
2025-09-17,D+1,P5,0,0.0,0,0,gbr,volume_v3.2_2026-08-21
2025-09-18,D+1,P5,0,0.0,0,0,gbr,volume_v3.2_2026-08-21
2025-09-19,D+1,P5,0,0.0,0,0,gbr,volume_v3.2_2026-08-21
2025-09-20,D+1,P5,0,0.0,0,0,gbr,volume_v3.2_2026-08-21
2025-09-21,D+1,P5,0,0.0,0,0,gbr,volume_v3.2_2026-08-21
2025-09-22,D+1,P5,0,0.0,0,0,gbr,volume_v3.2_2026-08-21
2025-09-23,D+1,P5,0,0.0,0,0,gbr,volume_v3.2_2026-08-21
2025-09-24,D+1,P5,0,0.0,0,0,gbr,volume_v3.2_2026-08-21
2025-09-25,D+1,P5,0,0.0,0,0,gbr,volume_v3.2_2026-08-21
2025-09-26,D+1,P5,0,0.0,0,0,gbr,volume_v3.2_2026-08-21
2025-09-27,D+1,P5,0,0.0,0,0,gbr,volume_v3.2_2026-08-21
2025-09-28,D+1,P5,0,0.0,0,0,gbr,volume_v3.2_2026-08-21
2025-09-29,D+1,P5,0,0.0,0,0,gbr,volume_v3.2_2026-08-21
2025-09-30,D+1,P5,0,0.0,0,0,gbr,volume_v3.2_2026-08-21
2025-10-01,D+1,P5,0,1.0,0,0,gbr,volume_v3.2_2026-08-21
2025-10-02,D+1,P5,0,0.0,0,0,gbr,volume_v3.2_2026-08-21
2025-10-03,D+1,P5,0,0.0,0,0,gbr,volume_v3.2_2026-08-21
2025-10-04,D+1,P5,0,0.0,0,0,gbr,volume_v3.2_2026-08-21
2025-10-05,D+1,P5,0,0.0,0,0,gbr,volume_v3.2_2026-08-21
2025-10-06,D+1,P5,0,1.0,0,0,gbr,volume_v3.2_2026-08-21
2025-10-07,D+1,P5,0,2.0,0,0,gbr,volume_v3.2_2026-08-21
2025-10-08,D+1,P5,0,0.0,0,1,gbr,volume_v3.2_2026-08-21
2025-10-09,D+1,P5,0,0.0,0,1,gbr,volume_v3.2_2026-08-21
2025-10-10,D+1,P5,0,1.0,0,1,gbr,volume_v3.2_2026-08-21
2025-10-11,D+1,P5,0,0.0,0,1,gbr,volume_v3.2_2026-08-21
2025-10-12,D+1,P5,0,0.0,0,1,gbr,volume_v3.2_2026-08-21
2025-10-13,D+1,P5,0,0.0,0,1,gbr,volume_v3.2_2026-08-21
2025-10-14,D+1,P5,0,0.0,0,1,gbr,volume_v3.2_2026-08-21
2025-10-15,D+1,P5,0,0.0,0,1,gbr,volume_v3.2_2026-08-21
2025-10-16,D+1,P5,0,0.0,0,1,gbr,volume_v3.2_2026-08-21
2025-10-17,D+1,P5,0,0.0,0,1,gbr,volume_v3.2_2026-08-21
2025-10-18,D+1,P5,0,0.0,0,1,gbr,volume_v3.2_2026-08-21
2025-10-19,D+1,P5,0,0.0,0,1,gbr,volume_v3.2_2026-08-21
2025-10-20,D+1,P5,0,0.0,0,1,gbr,volume_v3.2_2026-08-21
2025-10-21,D+1,P5,0,1.0,0,1,gbr,volume_v3.2_2026-08-21
2025-10-22,D+1,P5,0,0.0,0,1,gbr,volume_v3.2_2026-08-21
2025-10-23,D+1,P5,0,0.0,0,1,gbr,volume_v3.2_2026-08-21
2025-10-24,D+1,P5,0,1.0,0,1,gbr,volume_v3.2_2026-08-21
2025-10-25,D+1,P5,0,0.0,0,1,gbr,volume_v3.2_2026-08-21
2025-10-26,D+1,P5,0,0.0,0,1,gbr,volume_v3.2_2026-08-21
2025-10-27,D+1,P5,0,0.0,0,1,gbr,volume_v3.2_2026-08-21
2025-10-28,D+1,P5,0,0.0,0,1,gbr,volume_v3.2_2026-08-21
2025-10-29,D+1,P5,0,0.0,0,1,gbr,volume_v3.2_2026-08-21
2025-10-30,D+1,P5,0,0.0,0,1,gbr,volume_v3.2_2026-08-21
2025-10-31,D+1,P5,0,0.0,0,1,gbr,volume_v3.2_2026-08-21
2025-11-01,D+1,P5,0,0.0,0,1,gbr,volume_v3.2_2026-08-21
2025-11-02,D+1,P5,0,0.0,0,1,gbr,volume_v3.2_2026-08-21
2025-11-03,D+1,P5,1,0.0,1,2,gbr,volume_v3.2_2026-08-21
2025-11-04,D+1,P5,0,0.0,0,1,gbr,volume_v3.2_2026-08-21
2025-11-05,D+1,P5,0,0.0,0,1,gbr,volume_v3.2_2026-08-21
2025-11-06,D+1,P5,0,0.0,0,1,gbr,volume_v3.2_2026-08-21
2025-11-07,D+1,P5,0,0.0,0,1,gbr,volume_v3.2_2026-08-21
2025-11-08,D+1,P5,0,0.0,0,1,gbr,volume_v3.2_2026-08-21
2025-11-09,D+1,P5,0,0.0,0,1,gbr,volume_v3.2_2026-08-21
2025-11-10,D+1,P5,0,0.0,0,1,gbr,volume_v3.2_2026-08-21
2025-11-11,D+1,P5,0,0.0,0,1,gbr,volume_v3.2_2026-08-21
2025-11-12,D+1,P5,0,0.0,0,1,gbr,volume_v3.2_2026-08-21
2025-11-13,D+1,P5,0,0.0,0,1,gbr,volume_v3.2_2026-08-21
2025-11-14,D+1,P5,0,0.0,0,1,gbr,volume_v3.2_2026-08-21
2025-11-15,D+1,P5,0,0.0,0,1,gbr,volume_v3.2_2026-08-21
2025-11-16,D+1,P5,0,0.0,0,1,gbr,volume_v3.2_2026-08-21
2025-11-17,D+1,P5,0,0.0,0,1,gbr,volume_v3.2_2026-08-21
2025-11-18,D+1,P5,0,0.0,0,1,gbr,volume_v3.2_2026-08-21
2025-11-19,D+1,P5,0,0.0,0,1,gbr,volume_v3.2_2026-08-21
2025-11-20,D+1,P5,0,0.0,0,1,gbr,volume_v3.2_2026-08-21
2025-11-21,D+1,P5,0,0.0,0,1,gbr,volume_v3.2_2026-08-21
2025-11-22,D+1,P5,0,0.0,0,1,gbr,volume_v3.2_2026-08-21
2025-11-23,D+1,P5,0,0.0,0,1,gbr,volume_v3.2_2026-08-21
2025-11-24,D+1,P5,0,0.0,0,1,gbr,volume_v3.2_2026-08-21
2025-11-25,D+1,P5,0,1.0,0,1,gbr,volume_v3.2_2026-08-21
2025-11-26,D+1,P5,0,0.0,0,1,gbr,volume_v3.2_2026-08-21
2025-11-27,D+1,P5,0,0.0,0,1,gbr,volume_v3.2_2026-08-21
2025-11-28,D+1,P5,0,1.0,0,1,gbr,volume_v3.2_2026-08-21
2025-11-29,D+1,P5,0,0.0,0,1,gbr,volume_v3.2_2026-08-21
2025-11-30,D+1,P5,0,0.0,0,1,gbr,volume_v3.2_2026-08-21
2025-12-01,D+1,P5,0,1.0,0,1,gbr,volume_v3.2_2026-08-21
2025-12-02,D+1,P5,0,0.0,0,1,gbr,volume_v3.2_2026-08-21
2025-12-03,D+1,P5,0,0.0,0,1,gbr,volume_v3.2_2026-08-21
2025-12-04,D+1,P5,0,3.0,0,1,gbr,volume_v3.2_2026-08-21
2025-12-05,D+1,P5,0,1.0,0,1,gbr,volume_v3.2_2026-08-21
2025-12-06,D+1,P5,0,0.0,0,1,gbr,volume_v3.2_2026-08-21
2025-12-07,D+1,P5,0,0.0,0,1,gbr,volume_v3.2_2026-08-21
2025-12-08,D+1,P5,0,0.0,0,1,gbr,volume_v3.2_2026-08-21
2025-12-09,D+1,P5,0,0.0,0,1,gbr,volume_v3.2_2026-08-21
2025-12-10,D+1,P5,0,1.0,0,1,gbr,volume_v3.2_2026-08-21
2025-12-11,D+1,P5,0,1.0,0,1,gbr,volume_v3.2_2026-08-21
2025-12-12,D+1,P5,0,0.0,0,1,gbr,volume_v3.2_2026-08-21
2025-12-13,D+1,P5,0,0.0,0,1,gbr,volume_v3.2_2026-08-21
2025-12-14,D+1,P5,0,0.0,0,1,gbr,volume_v3.2_2026-08-21
2025-12-15,D+1,P5,0,1.0,0,1,gbr,volume_v3.2_2026-08-21
2025-12-16,D+1,P5,0,1.0,0,1,gbr,volume_v3.2_2026-08-21
2025-12-17,D+1,P5,1,0.0,1,2,gbr,volume_v3.2_2026-08-21
2025-12-18,D+1,P5,0,0.0,0,1,gbr,volume_v3.2_2026-08-21
2025-12-19,D+1,P5,0,1.0,0,1,gbr,volume_v3.2_2026-08-21
2025-12-20,D+1,P5,0,0.0,0,1,gbr,volume_v3.2_2026-08-21
2025-12-21,D+1,P5,0,0.0,0,1,gbr,volume_v3.2_2026-08-21
2025-12-22,D+1,P5,0,0.0,0,1,gbr,volume_v3.2_2026-08-21
2025-12-23,D+1,P5,0,0.0,0,1,gbr,volume_v3.2_2026-08-21
2025-12-24,D+1,P5,0,0.0,0,1,gbr,volume_v3.2_2026-08-21
2025-12-25,D+1,P5,0,0.0,0,1,gbr,volume_v3.2_2026-08-21
2025-12-26,D+1,P5,0,0.0,0,1,gbr,volume_v3.2_2026-08-21
2025-12-27,D+1,P5,0,0.0,0,1,gbr,volume_v3.2_2026-08-21
2025-12-28,D+1,P5,0,0.0,0,1,gbr,volume_v3.2_2026-08-21
2025-12-29,D+1,P5,1,0.0,0,2,gbr,volume_v3.2_2026-08-21
2025-12-30,D+1,P5,0,0.0,0,1,gbr,volume_v3.2_2026-08-21
2025-12-31,D+1,P5,0,0.0,0,1,gbr,volume_v3.2_2026-08-21
2026-01-01,D+1,P5,0,,0,1,gbr,volume_v3.2_2026-08-21
2025-09-01,D+7,P5,0,0.0,0,0,gbr,volume_v3.2_2026-08-21
2025-09-02,D+7,P5,0,0.0,0,0,gbr,volume_v3.2_2026-08-21
2025-09-03,D+7,P5,0,0.0,0,0,gbr,volume_v3.2_2026-08-21
2025-09-04,D+7,P5,0,0.0,0,0,gbr,volume_v3.2_2026-08-21
2025-09-05,D+7,P5,0,0.0,0,0,gbr,volume_v3.2_2026-08-21
2025-09-06,D+7,P5,0,0.0,0,0,gbr,volume_v3.2_2026-08-21
2025-09-07,D+7,P5,0,0.0,0,0,gbr,volume_v3.2_2026-08-21
2025-09-08,D+7,P5,0,0.0,0,0,gbr,volume_v3.2_2026-08-21
2025-09-09,D+7,P5,0,0.0,0,0,gbr,volume_v3.2_2026-08-21
2025-09-10,D+7,P5,0,0.0,0,0,gbr,volume_v3.2_2026-08-21
2025-09-11,D+7,P5,0,0.0,0,0,gbr,volume_v3.2_2026-08-21
2025-09-12,D+7,P5,0,0.0,0,0,gbr,volume_v3.2_2026-08-21
2025-09-13,D+7,P5,0,0.0,0,0,gbr,volume_v3.2_2026-08-21
2025-09-14,D+7,P5,0,0.0,0,0,gbr,volume_v3.2_2026-08-21
2025-09-15,D+7,P5,0,1.0,0,0,gbr,volume_v3.2_2026-08-21
2025-09-16,D+7,P5,0,0.0,0,0,gbr,volume_v3.2_2026-08-21
2025-09-17,D+7,P5,0,0.0,0,0,gbr,volume_v3.2_2026-08-21
2025-09-18,D+7,P5,0,0.0,0,0,gbr,volume_v3.2_2026-08-21
2025-09-19,D+7,P5,0,0.0,0,0,gbr,volume_v3.2_2026-08-21
2025-09-20,D+7,P5,0,0.0,0,0,gbr,volume_v3.2_2026-08-21
2025-09-21,D+7,P5,0,0.0,0,0,gbr,volume_v3.2_2026-08-21
2025-09-22,D+7,P5,0,0.0,0,0,gbr,volume_v3.2_2026-08-21
2025-09-23,D+7,P5,0,0.0,0,0,gbr,volume_v3.2_2026-08-21
2025-09-24,D+7,P5,0,0.0,0,0,gbr,volume_v3.2_2026-08-21
2025-09-25,D+7,P5,0,0.0,0,0,gbr,volume_v3.2_2026-08-21
2025-09-26,D+7,P5,0,0.0,0,0,gbr,volume_v3.2_2026-08-21
2025-09-27,D+7,P5,0,0.0,0,0,gbr,volume_v3.2_2026-08-21
2025-09-28,D+7,P5,0,0.0,0,0,gbr,volume_v3.2_2026-08-21
2025-09-29,D+7,P5,0,0.0,0,0,gbr,volume_v3.2_2026-08-21
2025-09-30,D+7,P5,0,0.0,0,0,gbr,volume_v3.2_2026-08-21
2025-10-01,D+7,P5,0,1.0,0,0,gbr,volume_v3.2_2026-08-21
2025-10-02,D+7,P5,0,0.0,0,0,gbr,volume_v3.2_2026-08-21
2025-10-03,D+7,P5,0,0.0,0,0,gbr,volume_v3.2_2026-08-21
2025-10-04,D+7,P5,0,0.0,0,0,gbr,volume_v3.2_2026-08-21
2025-10-05,D+7,P5,0,0.0,0,0,gbr,volume_v3.2_2026-08-21
2025-10-06,D+7,P5,0,1.0,0,0,gbr,volume_v3.2_2026-08-21
2025-10-07,D+7,P5,0,2.0,0,0,gbr,volume_v3.2_2026-08-21
2025-10-08,D+7,P5,0,0.0,0,1,gbr,volume_v3.2_2026-08-21
2025-10-09,D+7,P5,0,0.0,0,1,gbr,volume_v3.2_2026-08-21
2025-10-10,D+7,P5,0,1.0,0,1,gbr,volume_v3.2_2026-08-21
2025-10-11,D+7,P5,0,0.0,0,1,gbr,volume_v3.2_2026-08-21
2025-10-12,D+7,P5,0,0.0,0,1,gbr,volume_v3.2_2026-08-21
2025-10-13,D+7,P5,1,0.0,0,1,gbr,volume_v3.2_2026-08-21
2025-10-14,D+7,P5,0,0.0,0,1,gbr,volume_v3.2_2026-08-21
2025-10-15,D+7,P5,0,0.0,0,1,gbr,volume_v3.2_2026-08-21
2025-10-16,D+7,P5,0,0.0,0,1,gbr,volume_v3.2_2026-08-21
2025-10-17,D+7,P5,0,0.0,0,1,gbr,volume_v3.2_2026-08-21
2025-10-18,D+7,P5,0,0.0,0,1,gbr,volume_v3.2_2026-08-21
2025-10-19,D+7,P5,0,0.0,0,1,gbr,volume_v3.2_2026-08-21
2025-10-20,D+7,P5,0,0.0,0,1,gbr,volume_v3.2_2026-08-21
2025-10-21,D+7,P5,0,1.0,0,1,gbr,volume_v3.2_2026-08-21
2025-10-22,D+7,P5,1,0.0,1,2,gbr,volume_v3.2_2026-08-21
2025-10-23,D+7,P5,0,0.0,0,1,gbr,volume_v3.2_2026-08-21
2025-10-24,D+7,P5,0,1.0,0,1,gbr,volume_v3.2_2026-08-21
2025-10-25,D+7,P5,0,0.0,0,1,gbr,volume_v3.2_2026-08-21
2025-10-26,D+7,P5,0,0.0,0,1,gbr,volume_v3.2_2026-08-21
2025-10-27,D+7,P5,0,0.0,0,1,gbr,volume_v3.2_2026-08-21
2025-10-28,D+7,P5,0,0.0,0,1,gbr,volume_v3.2_2026-08-21
2025-10-29,D+7,P5,0,0.0,0,1,gbr,volume_v3.2_2026-08-21
2025-10-30,D+7,P5,0,0.0,0,1,gbr,volume_v3.2_2026-08-21
2025-10-31,D+7,P5,0,0.0,0,1,gbr,volume_v3.2_2026-08-21
2025-11-01,D+7,P5,0,0.0,0,1,gbr,volume_v3.2_2026-08-21
2025-11-02,D+7,P5,0,0.0,0,1,gbr,volume_v3.2_2026-08-21
2025-11-03,D+7,P5,0,0.0,0,1,gbr,volume_v3.2_2026-08-21
2025-11-04,D+7,P5,0,0.0,0,1,gbr,volume_v3.2_2026-08-21
2025-11-05,D+7,P5,0,0.0,0,1,gbr,volume_v3.2_2026-08-21
2025-11-06,D+7,P5,0,0.0,0,1,gbr,volume_v3.2_2026-08-21
2025-11-07,D+7,P5,0,0.0,0,1,gbr,volume_v3.2_2026-08-21
2025-11-08,D+7,P5,0,0.0,0,1,gbr,volume_v3.2_2026-08-21
2025-11-09,D+7,P5,0,0.0,0,1,gbr,volume_v3.2_2026-08-21
2025-11-10,D+7,P5,0,0.0,0,1,gbr,volume_v3.2_2026-08-21
2025-11-11,D+7,P5,0,0.0,0,1,gbr,volume_v3.2_2026-08-21
2025-11-12,D+7,P5,0,0.0,0,1,gbr,volume_v3.2_2026-08-21
2025-11-13,D+7,P5,0,0.0,0,1,gbr,volume_v3.2_2026-08-21
2025-11-14,D+7,P5,0,0.0,0,1,gbr,volume_v3.2_2026-08-21
2025-11-15,D+7,P5,0,0.0,0,0,gbr,volume_v3.2_2026-08-21
2025-11-16,D+7,P5,0,0.0,0,0,gbr,volume_v3.2_2026-08-21
2025-11-17,D+7,P5,0,0.0,0,0,gbr,volume_v3.2_2026-08-21
2025-11-18,D+7,P5,0,0.0,0,0,gbr,volume_v3.2_2026-08-21
2025-11-19,D+7,P5,0,0.0,0,0,gbr,volume_v3.2_2026-08-21
2025-11-20,D+7,P5,0,0.0,0,0,gbr,volume_v3.2_2026-08-21
2025-11-21,D+7,P5,0,0.0,0,0,gbr,volume_v3.2_2026-08-21
2025-11-22,D+7,P5,0,0.0,0,0,gbr,volume_v3.2_2026-08-21
2025-11-23,D+7,P5,0,0.0,0,0,gbr,volume_v3.2_2026-08-21
2025-11-24,D+7,P5,0,0.0,0,0,gbr,volume_v3.2_2026-08-21
2025-11-25,D+7,P5,0,1.0,0,0,gbr,volume_v3.2_2026-08-21
2025-11-26,D+7,P5,0,0.0,0,1,gbr,volume_v3.2_2026-08-21
2025-11-27,D+7,P5,0,0.0,0,1,gbr,volume_v3.2_2026-08-21
2025-11-28,D+7,P5,0,1.0,0,1,gbr,volume_v3.2_2026-08-21
2025-11-29,D+7,P5,0,0.0,0,1,gbr,volume_v3.2_2026-08-21
2025-11-30,D+7,P5,0,0.0,0,1,gbr,volume_v3.2_2026-08-21
2025-12-01,D+7,P5,0,1.0,0,1,gbr,volume_v3.2_2026-08-21
2025-12-02,D+7,P5,0,0.0,0,1,gbr,volume_v3.2_2026-08-21
2025-12-03,D+7,P5,0,0.0,0,1,gbr,volume_v3.2_2026-08-21
2025-12-04,D+7,P5,0,3.0,0,1,gbr,volume_v3.2_2026-08-21
2025-12-05,D+7,P5,0,1.0,0,1,gbr,volume_v3.2_2026-08-21
2025-12-06,D+7,P5,0,0.0,0,1,gbr,volume_v3.2_2026-08-21
2025-12-07,D+7,P5,0,0.0,0,1,gbr,volume_v3.2_2026-08-21
2025-12-08,D+7,P5,0,0.0,0,1,gbr,volume_v3.2_2026-08-21
2025-12-09,D+7,P5,0,0.0,0,1,gbr,volume_v3.2_2026-08-21
2025-12-10,D+7,P5,0,1.0,0,1,gbr,volume_v3.2_2026-08-21
2025-12-11,D+7,P5,0,1.0,0,1,gbr,volume_v3.2_2026-08-21
2025-12-12,D+7,P5,0,0.0,0,1,gbr,volume_v3.2_2026-08-21
2025-12-13,D+7,P5,0,0.0,0,1,gbr,volume_v3.2_2026-08-21
2025-12-14,D+7,P5,0,0.0,0,1,gbr,volume_v3.2_2026-08-21
2025-12-15,D+7,P5,1,1.0,1,2,gbr,volume_v3.2_2026-08-21
2025-12-16,D+7,P5,0,1.0,0,1,gbr,volume_v3.2_2026-08-21
2025-12-17,D+7,P5,1,0.0,1,2,gbr,volume_v3.2_2026-08-21
2025-12-18,D+7,P5,0,0.0,0,1,gbr,volume_v3.2_2026-08-21
2025-12-19,D+7,P5,0,1.0,0,1,gbr,volume_v3.2_2026-08-21
2025-12-20,D+7,P5,0,0.0,0,1,gbr,volume_v3.2_2026-08-21
2025-12-21,D+7,P5,0,0.0,0,1,gbr,volume_v3.2_2026-08-21
2025-12-22,D+7,P5,0,0.0,0,1,gbr,volume_v3.2_2026-08-21
2025-12-23,D+7,P5,0,0.0,0,1,gbr,volume_v3.2_2026-08-21
2025-12-24,D+7,P5,0,0.0,0,1,gbr,volume_v3.2_2026-08-21
2025-12-25,D+7,P5,0,0.0,0,1,gbr,volume_v3.2_2026-08-21
2025-12-26,D+7,P5,0,0.0,0,1,gbr,volume_v3.2_2026-08-21
2025-12-27,D+7,P5,0,0.0,0,1,gbr,volume_v3.2_2026-08-21
2025-12-28,D+7,P5,0,0.0,0,1,gbr,volume_v3.2_2026-08-21
2025-12-29,D+7,P5,0,0.0,0,1,gbr,volume_v3.2_2026-08-21
2025-12-30,D+7,P5,0,0.0,0,1,gbr,volume_v3.2_2026-08-21
2025-12-31,D+7,P5,0,0.0,0,1,gbr,volume_v3.2_2026-08-21
2026-01-07,D+7,P5,0,,0,1,gbr,volume_v3.2_2026-08-21
